Product A Index,Product A,Product B Index,Product B,Similarity,CrossEncoder_Score
81,MEMBER'S MARK Member's Mark - Sam's Club Authentic Heytea Kale Green Melon Compound Fruit and Vegetable Beverage 330mLX12 Bottles 330mlx12,82,MEMBER'S MARK Member's Mark - Sam's Club Authentic Heytea Kale Green Melon Compound Fruit and Vegetable Beverage 330mLX12 Bottles 330mlx12,1.0000003576278689,3.8649775981903076
639,BLUE DIAMOND BLUE DIAMOND - Almond Breeze (Original) 946ml x12 | Buy More Save More 946mlx12,668,BLUE DIAMOND BLUE DIAMOND - Almond Breeze Unsweetened (Original) 946ml x12 | Buy More Save More 946mlx12,0.9023327827453612,3.577603340148926
310,UCC UCC - Cold Brew Black Coffee PET 500ml x 24 Bottles (#156738) (Random Delivery) 500mlx24,706,UCC UCC - [Full Case] Cold Brew Black Coffee PET 500ml x 24 Bottles (#156738) (Random Delivery) 500mlx24,1.0000001192092896,3.470975875854492
498,COOL WATER COOL Water - COOL Water-purified  Water 1.5L x 12 [Full Case] 4891133241356 5lx12,518,COOL WATER COOL Water - COOL Water-purified water 1.5L x 12 [Full Case] (4891133241356) 5lx12,0.9999997615814208,3.446791172027588
137,HIGHLAND SPRING Highland Spring - [Direct from UK] [FULL CASE] Still Water 500ml x 24 500mlx24,147,HIGHLAND SPRING Highland Spring - [Direct from UK] [FULL CASE] Still Water 500ml x 24 x2 500mlx24,1.0000004768371582,3.4397592544555664
208,KIRIN KIRIN - [Full Case] Afternoon Tea Lemon Tea 500ml x 24 Random Packaging Expiry 2026/12 500mlx24,302,KIRIN KIRIN - [Full Case] Afternoon Tea Lemon Tea 500ml x 24 Random Packaging Expiry 2026/12 500mlx24,0.9999995827674866,3.419074773788452
528,KIRIN KIRIN - [Full Case] Afternoon Tea Lemon Tea1.5L x 8 Bottles 4909411086312 expiry 2026/11 5lx8,675,KIRIN KIRIN - [Full Case] Afternoon Tea Lemon Tea1.5L x 8 Bottles 4909411086312 expiry 2026/11 5lx8,1.0000003576278689,3.3963820934295654
251,UCC UCC - Sugar Free Black Coffee 375g x 24 Bottles(#153433) Random Delivery 375gx24,614,UCC UCC - Sugar Free Black Coffee 375g x 24 Bottles (#153433) (Random Delivery) (Parallel Import) 375gx24,1.000000238418579,3.385791063308716
228,BONAQUA Bonaqua - Full case - Bonaqua Mineralized Water ( 500ml) 24 bottles 500mlx24,481,BONAQUA Bonaqua - [Full case] Mineralized Water (500ml X 24) 500mlx24,0.9349557161331176,3.376584053039551
339,SINGHA SINGHA - (Glass Bottle) Singha Soda Water - Full Case 325ml (Random Packing) 325mlx24,578,SINGHA SINGHA - [Full Case] SINGHA - Soda Water - 325ml x 24 Glass Bottle 325mlx24,0.9421767592430116,3.3675549030303955
408,VITA Vita - Vita - Full Case Lemon Tea Low Sugar (250ml x 6 ) x 4 250mlx6,617,VITA Vita - Vita - Full Case Lemon Tea low Sugar (250ml x 6 ) x 4 250mlx6,0.9999998807907104,3.358349084854126
286,ITO EN ITO EN - [Full Case] Golden Oolong Tea 500ml x 24 4901085614372 expiry 2026/10 500mlx24,315,ITO EN ITO EN - [Full Case] Golden Oolong Tea 500ml x 24 4901085614372 expiry 10/2026 500mlx24,1.000000238418579,3.3528006076812744
647,"PERRIER Perrier - Perrier Paris, France  Natural Sparkling mineral water [10 cans] -10 x 250 mL gas 250mlx10",713,"PERRIER Perrier - perrier Paris, France  Natural Sparkling Mineral Water [10 cans] -10 x 250 mL gas 250mlx10",0.9999999403953552,3.3476288318634033
173,BONAQUA Bonaqua - Full case - Bonaqua Mineralized Water (770ml ) 24 bottles 770mlx24,187,BONAQUA Bonaqua - [Full case] Mineralized Water (770ml X 24) 770mlx24,0.9349557161331176,3.3100244998931885
668,BLUE DIAMOND BLUE DIAMOND - Almond Breeze Unsweetened (Original) 946ml x12 | Buy More Save More 946mlx12,810,BLUE DIAMOND BLUE DIAMOND - Blue Diamond Almond Breeze Unsweetened (Original) - Full Case 946ml 946mlx12,0.9008511304855348,3.291666269302368
74,MEMBER'S MARK Member's Mark - Sam's Club Authentic Lemon Juice 300ml X7 Bottled Sam's Purchase Lemon Juice Beverage 300mlx7,75,MEMBER'S MARK Member's Mark - Sam's Club Authentic Lemon Juice 300ml X7 Bottled Sam's Purchase Lemon Juice Beverage 300mlx7,1.0,3.2810447216033936
146,ASAHI Asahi - [Full Case] Dry Zero Beer 350ml x24 (#030003) (Random delivery)Parallel Import) 350mlx24,479,ASAHI Asahi - [Full Case] Dry Zero Beer 350ml x24 (#030003) (Random delivery)(Parallel Import) 350mlx24,0.999999225139618,3.2732884883880615
171,UCC UCC - [Full Case] ucc Black coffee Cold Brew 500ml x 24 Random Packing  4901201156731 expiry 2026/12 500mlx24,560,UCC UCC - [Full Case] ucc Black coffee Cold Brew 500ml x 24 Random Packing 4901201156731 expiry 2026/12 500mlx24,1.0000001192092896,3.146360158920288
412,KIRIN KIRIN - Body Free Non-Alcoholic Beer 350ml x3(#092133_3) (Ramdon Delivery)(Parallel Imported) 350mlx3,580,KIRIN KIRIN - Body Free Non-Alcoholic Beer 350ml x3(#092133_3) (Ramdon Delivery)(Parallel Imported) 350mlx3,1.0,3.1223435401916504
256,VOLVIC Volvic - Volvic Natural Mineral Water France - Full Case 12x1.5L (Random Packing) 新貨，到期日：2027年12月 5lx12,553,VOLVIC Volvic - Volvic Natural Mineral Water France - Full Case 12x1.5L (Random Packing) 5lx12,0.9999992847442628,3.1184275150299072
256,VOLVIC Volvic - Volvic Natural Mineral Water France - Full Case 12x1.5L (Random Packing) 新貨，到期日：2027年12月 5lx12,861,VOLVIC Volvic - Volvic Natural Mineral Water France - Full Case 12x1.5L (Random Packing) 5lx12,0.9477298855781556,3.1184275150299072
262,EVIAN evian - [Dealer's Goods of HK] [Full Case]  膠樽裝 France Evian Natural Mineral Water (330ml X 24) 330mlx24,337,EVIAN evian - [Dealer's Goods of HK] [Full Case] 罐裝 France Sparkling Natural Mineral Water (330ml X 24) 330mlx24,0.93366140127182,3.1086809635162354
237,EVIAN evian - [Dealer's Goods of HK] [Full Case] 罐裝 France Sparkling Natural Mineral Water (330ml X 24) 330mlx24,337,EVIAN evian - [Dealer's Goods of HK] [Full Case] 罐裝 France Sparkling Natural Mineral Water (330ml X 24) 330mlx24,1.000001311302185,3.073927640914917
52,MEMBER'S MARK Member's Mark - Sam's Club Authentic Barley Jasmine Bubble Juice Tea 310mLX15 Can Sam's Supermarket Tea Beverage 310mlx15,71,MEMBER'S MARK Member's Mark - Sam's Club Authentic Barley Jasmine Bubble Juice Tea 310mLX15 Can Sam's Supermarket Tea Beverage 310mlx15,0.9999999403953552,3.0656850337982178
70,MEMBER'S MARK Member's Mark - Sam's Club Authentic Barley Jasmine Bubble Juice Tea 310mLX15 Can Sam's Supermarket Tea Beverage 310mlx15,71,MEMBER'S MARK Member's Mark - Sam's Club Authentic Barley Jasmine Bubble Juice Tea 310mLX15 Can Sam's Supermarket Tea Beverage 310mlx15,0.9999999403953552,3.0656850337982178
52,MEMBER'S MARK Member's Mark - Sam's Club Authentic Barley Jasmine Bubble Juice Tea 310mLX15 Can Sam's Supermarket Tea Beverage 310mlx15,70,MEMBER'S MARK Member's Mark - Sam's Club Authentic Barley Jasmine Bubble Juice Tea 310mLX15 Can Sam's Supermarket Tea Beverage 310mlx15,0.9999999403953552,3.0656850337982178
105,VITASOY Vitasoy - Vitasoy Soya Bean Milk 250ml x 6 x 4 Packs (Packing Randomly Delivery) 250mlx6,119,VITASOY Vitasoy - Vitasoy Malted Soya Bean Milk 250ml x 6 x 4 Packs (Packing Randomly Delivery) 250mlx6,0.9397834539413452,3.0305163860321045
138,ROBIFF Robiff - [Full Case] Robiff Oolong Tea 900ml x 12 900mlx12,365,ROBIFF Robiff - Robiff Oolong Tea_ Full Case (900ml x 12) 900mlx12,0.9010428190231324,3.0258285999298096
101,VITA Vita - Low Sugar Chrysanthemum Tea 250ml x 6 x 4 250mlx6,724,VITA Vita - Vita - Full Case Low Sugar Chrysanthemum Tea (250ml x 6) x 4 250mlx6,0.970931112766266,3.0113227367401123
1,VITA Vita - Low Sugar Chocolate Milk Beverage 250ml x 6 x 4 250mlx6,59,VITA Vita - Vita - Full Case low Sugar Chocolate Milk Beverage (250ml x 6 ) x 4 250mlx6,0.941228687763214,2.9913439750671387
78,"SANGARIA SANGARIA - 【Full Case 24 Btls】 Zero Sugar Rich Green Tea 500ml (Japanese Beverage, Parallel Import)BD2027/02/28 500mlx24",79,"SANGARIA SANGARIA - 【Full Case 24 Btls】 Zero Sugar Green Tea 500ml (Japanese Beverage, Parallel Import)BBD2027/02/28 500mlx24",0.9680785536766052,2.985656499862671
129,HIGHLAND SPRING Highland Spring - [Direct from UK] [FULL CASE] Still Water 1.5L x 6 x2 5lx6,166,HIGHLAND SPRING Highland Spring - [Direct from UK] [FULL CASE] Still Water 1.5L x 6 5lx6,1.0000001192092896,2.93638277053833
0,VITA Vita - Hi-Calcium Low Fat Milk Beverage 250ml x 6 x 4 250mlx6,46,VITA Vita - Vita - Full Case Hi-Calcium Low Fat Milk Beverage (250ml x 6 ) x 4 250mlx6,0.9588658213615416,2.8978888988494873
210,YOU C1000 You C1000 - You C1000 Vitamin Health Drink Lemon(Glass Bottle) - Full Case 140ml 140mlx30,790,YOU C1000 You C1000 - You C1000 Vitamin Health Drink Lemon(Glass Bottle) - Full Case 30x140ml 140mlx30,0.9999999403953552,2.8795902729034424
288,EVIAN evian - [Dealer's Goods of HK] [Full Case] 玻璃樽裝 France Evian Natural Mineral Water (330ml X 20) (冇氣) 330mlx20,688,EVIAN evian - [Dealer's Goods of HK] [Full Case] 玻璃樽裝 France Evian (有氣Sparkling) Natural Mineral Water (330ml X 20 330mlx20,0.93366140127182,2.8245718479156494
264,VOLVIC Volvic - Volvic Natural Mineral Water France 1.5L x 6  (Random Packing) 5lx6,516,VOLVIC Volvic - Volvic Natural Mineral Water France 1.5L x 6  (Random Packing) 5lx6,1.000000238418579,2.7927238941192627
139,ITO EN ITO EN - [Full Case] Ooicha Dark Green Tea 2L x 6 bottle expiry 2026/09 2lx6,244,ITO EN ITO EN - [Full Case] Ooicha Dark Green Tea 2L x 6 bottle expiry 2026/09 2lx6,1.0000014305114746,2.73012375831604
533,VITASOY Vitasoy - Vitasoy - Low Sugar Malted Soya Bean Milk 250ml (250ml x 6 ) x 4 250mlx6,932,VITASOY Vitasoy - Vitasoy - Full Case Low Sugar Soya Bean Milk 250ml (250ml x 6 ) x 4 250mlx6,0.9595950841903688,2.709343671798706
553,VOLVIC Volvic - Volvic Natural Mineral Water France - Full Case 12x1.5L (Random Packing) 5lx12,861,VOLVIC Volvic - Volvic Natural Mineral Water France - Full Case 12x1.5L (Random Packing) 5lx12,0.9477298855781556,2.6638362407684326
237,EVIAN evian - [Dealer's Goods of HK] [Full Case] 罐裝 France Sparkling Natural Mineral Water (330ml X 24) 330mlx24,262,EVIAN evian - [Dealer's Goods of HK] [Full Case]  膠樽裝 France Evian Natural Mineral Water (330ml X 24) 330mlx24,0.93366140127182,2.6209514141082764
488,BONAQUA Bonaqua - [Full Case] Label-Less 無招紙 Mineralized Water (600ml X 24) 600mlx24,918,BONAQUA Bonaqua - Bonaqua - Mineralized Water - full case Label-less (600ml x 24P) 600mlx24,0.9128023386001588,2.5639264583587646
248,KAGOME KAGOME - Kagome Japan Made 100% Veg Fruit Mix Juice Berry Salad Paper Pack - Full Case 200ml Parallel Import 200mlx24,544,KAGOME KAGOME - Kagome Japan Made 100% Vegetable Fruit Mix Juice Mango Salad Paper Pack - Full Case 200ml - 0152 200mlx24,0.9339298605918884,2.3946473598480225
248,KAGOME KAGOME - Kagome Japan Made 100% Veg Fruit Mix Juice Berry Salad Paper Pack - Full Case 200ml Parallel Import 200mlx24,331,KAGOME KAGOME - Kagome Japan Made 100% Vegetable Fruit Mix Juice Apple Salad Paper Pack - Full Case 200ml - 0183 200mlx24,0.9408842325210572,2.386059045791626
792,ASAHI Asahi - Asahi [Full Case] Lipolysis Olong Tea 2L x 6 4514603307818 expiry 2026/10 2lx6,916,ASAHI Asahi - Asahi [Full Case] Lipolysis Olong Tea 2L x 6 4514603307818 expiry 2026/10 2lx6,1.0000003576278689,2.2997090816497803
355,EVIAN evian - Evian Natural Mineral Water from France -6x1.5 liters in original box (randomly sent in parallel imp 5lx6,529,EVIAN evian - Evian Natural Mineral Water from France -6x1.5 liters in original box (randomly sent in parallel imp 5lx6,1.0000001192092896,2.2889211177825928
644,EVIAN evian - Evian Natural Mineral Water France 12 x 1.5L (Random Packing) 5lx12,677,EVIAN evian - Evian Natural Mineral Water France - Full Case 12x1.5L (Random Packing) 5lx12,0.9477301239967346,2.2766716480255127
499,AVALANCHE AVALANCHE - (BBD:21/06/2027) Café Style Cappuccino Instant Coffee Mix 16g x 10(2631) 16gx10,835,AVALANCHE AVALANCHE - (BBD:16/02/2027) Café Style Caramel Latte Instant Coffee Mix 16g x 10(2662) 16gx10,0.9056134819984436,2.2539846897125244
352,MAMA'S WORKSHOP MAMA'S WORKSHOP - Chuanbei and Chenpi rock sugar stewed lemon (7 bottles x 310mL) 310mlx7,695,MAMA'S WORKSHOP MAMA'S WORKSHOP - Chuanbei stewed lemon with rock sugar (7bottle*310mL/ set) 310mlx7,0.9097524285316468,2.215038537979126
819,VITASOY Vitasoy - Vitasoy - No Added Sugar Soya Bean Milk (250ml x 6 ) x 4 250mlx6,932,VITASOY Vitasoy - Vitasoy - Full Case Low Sugar Soya Bean Milk 250ml (250ml x 6 ) x 4 250mlx6,0.9136110544204712,2.1779494285583496
375,VITASOY Vitasoy - Vitasoy - Full Case Malted Soya Bean Milk 250ml (250ml x 6 ) x 4 250mlx6,913,VITASOY Vitasoy - Vitasoy - Full Case Soya Bean Milk 250ml (250ml x 6 ) x 4 250mlx6,0.9107272624969482,2.1691625118255615
150,UCC UCC - [New Packing 230g] Gold Special Coffee Bean 230g - Rich Blend (158162/紅豆)(Random Delivery) 230gx1,283,UCC UCC - [New packing 230g] Gold Special Coffee Bean 230g - Special Blend (#158155/啡豆) (Random Delivery) 230gx1,0.9741734862327576,2.1393697261810303
3,AUTHENTIC TEA HOUSE Authentic Tea House - Authentic Tea House - Gyokuro Green Tea Beverage (No Sugar) Bottled - Full Case 500ml 500mlx24,45,AUTHENTIC TEA HOUSE Authentic Tea House - Authentic Tea House - Gyokuro Green Tea Beverage (No Sugar)(Bottle) - Full Case 24x500ml 500mlx24,0.9484436511993408,2.09077525138855
361,SUNTORY Suntory - 原箱 茶 日本版Suntory Oolong Tea三得利 烏龍茶 原箱 (6x2L) #FUP2R #新舊包裝隨機發送 2lx6,442,SUNTORY Suntory - 【Full Case】Oolong Tea 2L x 6 2lx6,0.9999997615814208,2.04206919670105
166,HIGHLAND SPRING Highland Spring - [Direct from UK] [FULL CASE] Still Water 1.5L x 6 5lx6,421,HIGHLAND SPRING Highland Spring - [Direct from UK] [FULL CASE] Still Water 1.5L x 6 x4 5lx6,1.0000001192092896,1.976544976234436
344,STARBUCKS 星巴克 - Cappuccino Coffee Capsules [Applicable to NESCAFÉ® Dolce Gusto® Coffee Machine] 12servingsx1,379,STARBUCKS 星巴克 - Caramel Macchiato Coffee Capsules [Applicable to NESCAFÉ® Dolce Gusto® Coffee Machine] 12servingsx1,0.9193782806396484,1.8787428140640259
737,WATERLOO Waterloo - Raspberry Nectarine Sparkling Water | 6 cans | Best Before  15 Jan 2027 355mlx6,850,WATERLOO Waterloo - Strawberry Naturally Sparkling Water | 6 cans | Best Before 17 Jan 2027 355mlx6,0.9031187295913696,1.7554610967636108
367,NONGFU SPRING Nongfu Spring - Nongfu Spring - Natural Water - Full Case 4x5L 5lx4,474,NONGFU SPRING Nongfu Spring - Nongfu Spring - Natural Water - Full Case 4x5L 5lx4,0.9999991655349731,1.7412959337234497
11,"SUNTORY Suntory - 【Full Case 24 Btls】IYEMON Kyoto Strong Green Tea 600ml (Japanese beverage, direct from Japan) 600mlx24",57,"SUNTORY Suntory - 【Full Case 24 Btls】IYEMON Kyoto Green Tea 600ml (Japanese beverage, direct from Japan)BBD2026/09/30 600mlx24",0.9686322808265686,1.5876185894012451
365,ROBIFF Robiff - Robiff Oolong Tea_ Full Case (900ml x 12) 900mlx12,636,ROBIFF Robiff - Robiff Oolong Tea 900ml x 12 900mlx12,0.917680025100708,1.5543965101242065
192,ROBIFF Robiff - [Full Case] Robiff Oolong Tea 500ml x 24 bottles 4891379161289 500mlx24,501,ROBIFF Robiff - Robiff Oolong Tea 500ml x 24 bottles 4891379161289 500mlx24,1.0,1.5224350690841675
103,VITASOY Vitasoy - Vitasoy Low Sugar Soya Bean Milk 250ml x 6 x 4 Packs (Packing Randomly Delivery) 250mlx6,105,VITASOY Vitasoy - Vitasoy Soya Bean Milk 250ml x 6 x 4 Packs (Packing Randomly Delivery) 250mlx6,0.9210129976272584,1.510435938835144
138,ROBIFF Robiff - [Full Case] Robiff Oolong Tea 900ml x 12 900mlx12,636,ROBIFF Robiff - Robiff Oolong Tea 900ml x 12 900mlx12,0.9306079745292664,1.4521195888519287
219,KAGOME KAGOME - Kagome Japan Made 100% Vegetable Fruit Mix Juice Original Paper Pack - Full Case 200ml - 7921 200mlx24,248,KAGOME KAGOME - Kagome Japan Made 100% Veg Fruit Mix Juice Berry Salad Paper Pack - Full Case 200ml Parallel Import 200mlx24,0.9168792366981506,1.4410818815231323
129,HIGHLAND SPRING Highland Spring - [Direct from UK] [FULL CASE] Still Water 1.5L x 6 x2 5lx6,421,HIGHLAND SPRING Highland Spring - [Direct from UK] [FULL CASE] Still Water 1.5L x 6 x4 5lx6,1.0000001192092896,1.2638014554977417
658,VITA Vita - Vita - Full Case Zero Sugar Lemon Tea (330ml ) x 24 330mlx24,853,VITA Vita - Vita - Full Case Low Sugar Lemon Tea (330ml ) x 24 330mlx24,0.9188326001167296,1.2501375675201416
219,KAGOME KAGOME - Kagome Japan Made 100% Vegetable Fruit Mix Juice Original Paper Pack - Full Case 200ml - 7921 200mlx24,544,KAGOME KAGOME - Kagome Japan Made 100% Vegetable Fruit Mix Juice Mango Salad Paper Pack - Full Case 200ml - 0152 200mlx24,0.9016496539115906,1.2376936674118042
219,KAGOME KAGOME - Kagome Japan Made 100% Vegetable Fruit Mix Juice Original Paper Pack - Full Case 200ml - 7921 200mlx24,331,KAGOME KAGOME - Kagome Japan Made 100% Vegetable Fruit Mix Juice Apple Salad Paper Pack - Full Case 200ml - 0183 200mlx24,0.9206741452217102,1.120712399482727
589,NONGFU SPRING Nongfu Spring - Nongfu Spring Natural Drinking Water (Suitable for Infants and Young Children) - Original Box 12x1L 1lx12,692,NONGFU SPRING Nongfu Spring - Nongfu Spring Natural Drinking Water (Suitable for Infants and Young Children) - Original Box 12x1L 1lx12,0.9999999403953552,1.1165207624435425
30,"SUNTORY Suntory - 【Full Case 6 Btls】IYEMON Kyoto Strong Green Tea 2L (Japanese beverage, Parallel Import)BBD2027/01/31 2lx6",68,"SUNTORY Suntory - 【Full Case 6 Btls】Oolong Tea 2L (Japanese Beverage, Parallel Import)BBD026/11/30 2lx6",0.9075077176094056,1.0376982688903809
27,"SUNTORY Suntory - 【Full Case 6 Btls】IYEMON Kyoto Green Tea 2L (Japanese Beverage, Direct from Japan, Parallel Import) 2lx6",30,"SUNTORY Suntory - 【Full Case 6 Btls】IYEMON Kyoto Strong Green Tea 2L (Japanese beverage, Parallel Import)BBD2027/01/31 2lx6",0.9035392999649048,1.0065220594406128
339,SINGHA SINGHA - (Glass Bottle) Singha Soda Water - Full Case 325ml (Random Packing) 325mlx24,577,SINGHA SINGHA - (Glass Bottle) Singha Soda Water - Full Case 24x325ml (Random Packing) 325mlx24,1.0000001192092896,1.0057851076126099
27,"SUNTORY Suntory - 【Full Case 6 Btls】IYEMON Kyoto Green Tea 2L (Japanese Beverage, Direct from Japan, Parallel Import) 2lx6",58,"SUNTORY Suntory - 【Full Case 6 Btls】IYEMON Kyoto Green Tea 2L (Japanese Beverage, Parallel Import,New and old Package) 2lx6",0.9097626209259032,1.0027908086776733
633,SANGARIA SANGARIA - [Japan Made]-Popping Grape Soda Mini Can – 6 Cans x 250ml Parallel Import 250mlx6,656,SANGARIA SANGARIA - [Japan Made]-Popping Melon Soda Mini Can – 6 Cans x 250ml Parallel Import 250mlx6,0.916609525680542,0.992963433265686
209,STARBUCKS 星巴克 - House Blend Americano Coffee Capsules [Applicable to NESCAFÉ® Dolce Gusto® Coffee Machine](C) 12servingsx1,370,STARBUCKS 星巴克 - Veranda Blend™ Americano Coffee Capsules [Applicable to NESCAFÉ® Dolce Gusto® Coffee Machine](C) 12servingsx1,0.9398630857467652,0.9669857621192932
425,BONAQUA Bonaqua - Bonaqua Mineralised Water (1.5L x 6 ) x 2 5lx6,628,BONAQUA Bonaqua - 6支裝  飛雪礦物質水 Bonaqua Mineralised Water  6支裝  (6 x 1.5L) #150557 5lx6,0.9060630202293396,0.9400122761726379
558,PERRIER Perrier - Perrier (Lemon) Natural Sparkling Mineral Water Canned France - Full Case 3x(10x250ml) 250mlx30,610,PERRIER Perrier - Perrier Lime Natural Sparkling Mineral Water Canned France - Full Case 3x(10x250ml) 250mlx30,0.90367329120636,0.8783791661262512
474,NONGFU SPRING Nongfu Spring - Nongfu Spring - Natural Water - Full Case 4x5L 5lx4,849,NONGFU SPRING Nongfu Spring - Nongfu Spring - Natural Water - Full Case 4x4.5L 5lx4,0.9999991655349731,0.7082149386405945
367,NONGFU SPRING Nongfu Spring - Nongfu Spring - Natural Water - Full Case 4x5L 5lx4,849,NONGFU SPRING Nongfu Spring - Nongfu Spring - Natural Water - Full Case 4x4.5L 5lx4,0.9999991655349731,0.7082149386405945
331,KAGOME KAGOME - Kagome Japan Made 100% Vegetable Fruit Mix Juice Apple Salad Paper Pack - Full Case 200ml - 0183 200mlx24,544,KAGOME KAGOME - Kagome Japan Made 100% Vegetable Fruit Mix Juice Mango Salad Paper Pack - Full Case 200ml - 0152 200mlx24,0.940015971660614,0.6957032084465027
220,EVIAN evian - [Dealer's Goods of HK] [Full Case]膠樽裝France Evian Natural Mineral Water (750ml X 12)packing randomly 750mlx12,746,EVIAN evian - [Dealer's Goods of HK] [Full Case] 玻璃樽裝 France Evian Natural Mineral Water (750ml X 12) (冇氣) 750mlx12,0.9818552732467652,0.5558926463127136
572,COOL WATER COOL Water - 原箱 清涼水純淨水 原箱 (24x750ml)#33101483 Cool Water Purified Water  #新舊包裝隨機發貨 750mlx24,637,COOL WATER COOL Water - COOL Water-purified water 750ml x 24 [Full Case] (4891133241202) 750mlx24,0.9999997615814208,0.5282371640205383
485,AVALANCHE AVALANCHE - (BBD:29/03/2027) Café Style Flat White Instant Coffee Mix 14g x 10(2624) 14gx10,817,AVALANCHE AVALANCHE - (BBD:30/08/2027) 99% SF Flat White Instant Coffee Mix 14g x 10 (2723) 14gx10,0.9568849802017212,0.4556965231895447
406,NESCAFE DOLCE GUSTO NESCAFÉ Dolce Gusto - [B]Americano Rich Aroma Capsule [Applicable to NESCAFÉ® Dolce Gusto® Coffee Machine] [C33] 16servingsx1,427,NESCAFE DOLCE GUSTO NESCAFÉ Dolce Gusto - (1520)Café Au Lait Capsule [Applicable to NESCAFÉ® Dolce Gusto® Coffee Machine] [C33] 16servingsx1,0.9155850410461426,0.45169180631637573
299,SUNTORY Suntory - [Full Case] Suntory Oolong Tea 2L x 6 Bottles 4901777009684 expiry2026/11 2lx6,442,SUNTORY Suntory - 【Full Case】Oolong Tea 2L x 6 2lx6,0.957180380821228,0.4357353746891022
723,ASAHI Asahi - Asahi [Full Case] Lipolysis Green Tea 2L x 6 4514603308105 expiry 2027/01 2lx6,844,ASAHI Asahi - Asahi [Full Case] Lipolysis Green Tea 2L x 6 BBD 2027/01 2lx6,0.902164340019226,0.4057827293872833
299,SUNTORY Suntory - [Full Case] Suntory Oolong Tea 2L x 6 Bottles 4901777009684 expiry2026/11 2lx6,361,SUNTORY Suntory - 原箱 茶 日本版Suntory Oolong Tea三得利 烏龍茶 原箱 (6x2L) #FUP2R #新舊包裝隨機發送 2lx6,0.957180380821228,0.36462193727493286
220,EVIAN evian - [Dealer's Goods of HK] [Full Case]膠樽裝France Evian Natural Mineral Water (750ml X 12)packing randomly 750mlx12,568,EVIAN evian - [Dealer's Goods of HK] [Full Case] 玻璃樽裝 France (有氣Sparkling) Natural Mineral Water (750ml X 12) 750mlx12,0.9182580709457396,0.3333566188812256
568,EVIAN evian - [Dealer's Goods of HK] [Full Case] 玻璃樽裝 France (有氣Sparkling) Natural Mineral Water (750ml X 12) 750mlx12,746,EVIAN evian - [Dealer's Goods of HK] [Full Case] 玻璃樽裝 France Evian Natural Mineral Water (750ml X 12) (冇氣) 750mlx12,0.9336612820625304,0.33176323771476746
209,STARBUCKS 星巴克 - House Blend Americano Coffee Capsules [Applicable to NESCAFÉ® Dolce Gusto® Coffee Machine](C) 12servingsx1,344,STARBUCKS 星巴克 - Cappuccino Coffee Capsules [Applicable to NESCAFÉ® Dolce Gusto® Coffee Machine] 12servingsx1,0.9045207500457764,0.3309071362018585
375,VITASOY Vitasoy - Vitasoy - Full Case Malted Soya Bean Milk 250ml (250ml x 6 ) x 4 250mlx6,533,VITASOY Vitasoy - Vitasoy - Low Sugar Malted Soya Bean Milk 250ml (250ml x 6 ) x 4 250mlx6,0.9008834958076476,0.2878507375717163
290,IRIS OHYAMA IRIS OHYAMA - IRIS Japanese Mineral water 2L x 6 4967576493000 #fullcase expiry2026/12 2000mlx6,301,IRIS OHYAMA IRIS OHYAMA - IRIS Japanese Mineral water 2L x 6 4967576493000 #fullcase expiry 2027/07 2000mlx6,1.000000238418579,0.057507287710905075
97,AVALANCHE AVALANCHE - (BBD:01/09/2027) 99% SF Mochaccino Instant Coffee Mix 16g x 10 (2747) 16gx10,499,AVALANCHE AVALANCHE - (BBD:21/06/2027) Café Style Cappuccino Instant Coffee Mix 16g x 10(2631) 16gx10,0.9065653085708618,-0.21495164930820465
577,SINGHA SINGHA - (Glass Bottle) Singha Soda Water - Full Case 24x325ml (Random Packing) 325mlx24,578,SINGHA SINGHA - [Full Case] SINGHA - Soda Water - 325ml x 24 Glass Bottle 325mlx24,0.9421767592430116,-0.23773367702960968
327,NESCAFE DOLCE GUSTO NESCAFÉ Dolce Gusto - [8712]Grande Intenso Capsule [Applicable to NESCAFÉ® Dolce Gusto® Coffee Machine] 16servingsx1,406,NESCAFE DOLCE GUSTO NESCAFÉ Dolce Gusto - [B]Americano Rich Aroma Capsule [Applicable to NESCAFÉ® Dolce Gusto® Coffee Machine] [C33] 16servingsx1,0.9250305891036988,-0.7015074491500854
26,MAISON PERRIER Maison Perrier - FOREVER COLLECTION Lime & Ginger Sparkling Water Beverage Glass Bottle 33cl x 4 330mlx4,31,MAISON PERRIER Maison Perrier - FOREVER COLLECTION Citrus & Cherry Blossom Sparkling Water Beverage Glass Bottle 33c x 4 330mlx4,0.9083901047706604,-0.7034468650817871
327,NESCAFE DOLCE GUSTO NESCAFÉ Dolce Gusto - [8712]Grande Intenso Capsule [Applicable to NESCAFÉ® Dolce Gusto® Coffee Machine] 16servingsx1,427,NESCAFE DOLCE GUSTO NESCAFÉ Dolce Gusto - (1520)Café Au Lait Capsule [Applicable to NESCAFÉ® Dolce Gusto® Coffee Machine] [C33] 16servingsx1,0.9429582953453064,-0.7323384284973145
