Product Name,Product Spec
Vita - Hi-Calcium Low Fat Milk Beverage 250ml x 6 x 4,250ml x 6 x 4
Vita - Low Sugar Chocolate Milk Beverage 250ml x 6 x 4,250ml x 6 x 4
NESCAFÉ - [原箱]雀巢香滑咖啡250mlX24 [Full Caes] Nescafe Coffee Regular 250mlX24 Beverage[Authentic product],
Authentic Tea House - Authentic Tea House - Gyokuro Green Tea Beverage (No Sugar) Bottled - Full Case 500ml,24x500ml
DUTCH LADY® - [原箱]子母原味牛奶飲品 Dutch Original Milk Beverage 225 mL×3 EXP:3months or above【original box】,
Authentic Tea House - Full case - Authentic Tea House - Yinhao Jasmine Green Tea Beverage Bottled-500ml Random Packaging,500ml x 24
Maison Perrier - CHIC Rosellini Mocktail Sparkling Beverage Can 250ml x 4,250ml x 4
OATLY! - Oatly Barista Oat Beverage[Made in UK]- 1 Liter # Coffee # Healthy Parallel Import,1 L
Nongfu Spring - Nongfu Spring Oriental Leaf Sugar-Free Oolong Tea  335ml×24 Bottles |  Tea Beverage Parallel Goods,24x335ml
Maison Perrier - MAGNETIC JUICE Pineapple & Mango Sparkling Beverage Can 250ml x 4,250ml x 4 cans
Authentic Tea House - Authentic Tea House-Dahongpao Oolong Tea Beverage - Full box (no sugar) (500ml ) x 24,
"Suntory - 【Full Case 24 Btls】IYEMON Kyoto Strong Green Tea 600ml (Japanese beverage, direct from Japan)",600ml x24
OATLY! - Oatly Barista Oat Beverage [Made in UK]- 2x1 Liter # Coffee # Healthy Parallel Import Random Packing,2x1 L
OATLY! - Oatly Barista Oat Beverage【Made in UK】 -4 x 1 Liter #Coffee # Healthy Parallel Import Random Packing,4x1 L
ITO EN - ITOEn Green Tea Strong Tea Fat Reduction Functional Beverage Beverage PET 2Lx6 bottles/box,
CR C'ESTBON - C'estbon - Full Case Dangshan Pear Fruit Beverage (450ml) x 15,
Maison Perrier - CHIC Lemonjito Mocktail Sparkling Beverage Can 250ml x 4,250ml x 4
Wong Lo Kat - Herbal tea beverage (paper packaging) 24x250ml (original box) Summer thirst-quenching plant beverage,24x250ml
Authentic Tea House - Full case - Taiwan Jing-Xuan Oolong Tea Beverage - Full Case 500ml,500ml x 24
SANLIN - Sanlin Original Zero Sugar Soda Water 0 Calorie - Full Case 24 x 335ml | Sparkling Beverage,24x335ml
Glico - Solid fruit beverage Food fiber does not use granulated almond milk 200ml×3 (parallel import) 48862,
OATLY! - Oatly Coffee Oat Beverage -4x1 liters (pParallel import from the UK),4x1L
MONSTER - Monster Ultra Claw Energy Flavored Beverage (White Can) [Original Box] 24x355ml - Parallel Imported,24x355ml
Wong Lo Kat - Herbal tea beverage (paper packaging) 12x250ml-Summer thirst-quenching plant beverage,12x250ml
Maison Perrier - [Full Case] MAGNETIC JUICE Pineapple & Mango Sparkling Beverage Can 250ml x 24cans,250ml x 24 cans
Maison Perrier - FOREVER COLLECTION  Raspberry & Rose Sparkling Water Beverage Glass Bottle 33cl x 4,330ml x 4
Maison Perrier - FOREVER COLLECTION Lime & Ginger Sparkling Water Beverage Glass Bottle 33cl x 4,330ml x 4
"Suntory - 【Full Case 6 Btls】IYEMON Kyoto Green Tea 2L (Japanese Beverage, Direct from Japan, Parallel Import)",2L x6
CHI FOREST - CHI Forest Refreshing Green Bean Water (Plant-Based Beverage) [Original Box] 15 x 500 ml,15x500ml
Authentic Tea House - Authentic Tea House - Gyokuro Green Tea Beverage (No Sugar)(Bottle) - 1x500ml,6x500ml
"Suntory - 【Full Case 6 Btls】IYEMON Kyoto Strong Green Tea 2L (Japanese beverage, Parallel Import)BBD2027/01/31",2L x6
Maison Perrier - FOREVER COLLECTION Citrus & Cherry Blossom Sparkling Water Beverage Glass Bottle 33c x 4,330ml x 4
"Suntory - 【Full Case 24 Btls】IYEMON Kyoto Honey Lemon Tea 600ml (Japanese beverage, direct from Japan)",525ml x24
"SANGARIA - 【Full Case】 Zero Sugar Oolong Tea 500ml (24 Bottles) (Japanese Beverage, Parallel Import)BBD2027/01",500ml x24
San Pellegrino - 原箱 意大利San Pellegrino聖沛黎洛Pompelmo西柚有汽水 原箱(罐裝-24x330ml)Sparkling Beverages Pompelmo (Grapefruit),
Nongfu Spring - Nongfu Spring Oriental Leaf Sugar-Free Oolong Tea 900ml×12 Bottles | Large Bottle Tea Beverage,12x900ml
OATLY! - Oatly Coffee Oat Beverage -2x1 liters (Parallel import from the UK),2x1L
Nongfu Spring - Nongfu Spring Oriental Leaf Sugar-Free Oolong Tea  335ml×6 Bottles |  Tea Beverage,6x335ml
Maison Perrier - [Full Case] CHIC Lemonjito Mocktail Sparkling Beverage Can 250ml x 24,250ml x 24
OATLY! - Oatly Barista Oat Beverage【Made in UK】-3 x 1 Liter # Coffee # Healthy Parallel Import Random Packing,3x1 L
Maison Perrier - [FULL CASE] CHIC Rosellini Mocktail Sparkling Beverage Can 250ml x24 cans,250ml x 24
"Suntory - 【Full Case 24 Btls】CRAFT BOSS Fresh Milk Tea 500ml (Japanese Beverage, Parallel Import)",500ml x24
"Member's Mark - Sam's Club Authentic Oatly Low GI Oat Milk 250mL X18 Bottles Sam's Supermarket Beverages, Grains, Pl",250mL x 18 bottles
Member's Mark - Sam's Club Genuine Olive & Mandarin Orange Juice Tea 230mL x 20 Bottles - Refreshing Summer Beverage,230mLX20 bottle
Glico - glico Beverage Food Fiber Almond Milk 200ml×3 (parallel import),
Authentic Tea House - Authentic Tea House - Gyokuro Green Tea Beverage (No Sugar)(Bottle) - Full Case 24x500ml,24x500ml
Vita - Vita - Full Case Hi-Calcium Low Fat Milk Beverage (250ml x 6 ) x 4,
Authentic Tea House - 原箱 淳茶舍烏龍茶飲料(無糖) 紙包裝 原箱(24x250ml)#8003822 Oolong Tea Beverage (No Sugar)#新舊包裝隨機發貨,
"CHI FOREST - CHI FOREST Loquat and Pear Drink, Plant-Based Beverage, 500ml x 15 bottles |Parallel Import",15×500ml
POCARI SWEAT - Baokuangli Water Special Electrolyte Supplement Beverage (Canned) - Original Box 24x330ml,24x330ml
MORIYAMA - MORIYAMA  Tea Shop Taste Royal Milk Tea Beverage 1000g  parallel imported,皇家奶茶飲品 大容量 1000g
Member's Mark - Sam's Club Authentic Lemon Juice 300ml X6 Bottled Sam's Purchase Lemon Juice Beverage,Official genuine pro
Member's Mark - Sam's Club Authentic Barley Jasmine Bubble Juice Tea 310mLX15 Can Sam's Supermarket Tea Beverage,Official genuine pro
Glico - Glico Beverage Almond Milk Latte Sugar-free 200mIx3(Parallel Import),杏仁奶拿铁
Authentic Tea House - Authentic Tea House - Gyokuro Green Tea Beverage (No Sugar)(Bottle) - 1x500ml,500ml
Member's Mark - Sam's Club Authentic Lemon Juice 300ml X2 Bottled Sam's Purchase Lemon Juice Beverage,Official genuine pro
"Nongfu Spring - Nongfu Spring Tea π Lemon Black Tea, whole case, large bottle, refreshing fruity tea beverage, lemon",taste rich and not
"Suntory - 【Full Case 24 Btls】GREEN DA.KA.RA Mild Barley Tea 680ml (Japanese beverage, direct from Japan)",680ml x24
"Suntory - 【Full Case 24 Btls】IYEMON Kyoto Green Tea 600ml (Japanese beverage, direct from Japan)BBD2026/09/30",600ml x24
"Suntory - 【Full Case 6 Btls】IYEMON Kyoto Green Tea 2L (Japanese Beverage, Parallel Import,New and old Package)",2L x6
Vita - Vita - Full Case low Sugar Chocolate Milk Beverage (250ml x 6 ) x 4,
Nongfu Spring - Nongfu Spring Oriental Leaf Sugar-Free Oolong Tea 900ml×4 Bottles | Large Bottle Tea Beverage,4x900ml
OATLY! - Oatly Coffee Oat Beverage -3x1 liters (Parallel import from the UK),3x1ml
可口可樂 - Coca Cola Soda [High canned 330ml * 6 cans] Classic carbonated beverage Modern can,6x330 ml
CHI FOREST - Alien Electrolyte Water - Vitamin 0 Sugar Beverage - Lime Flavor [1 Bottle]600ml,600ml
POCARI SWEAT - Baokuangli Water Special Electrolyte Supplement Beverage (Canned) - 6x330ml,6x330ml
"Pepsi - Pepsi 330ml * 12 bottles in a full box, large bottles of soda, classic flavored beverage, carbonated",Official authentic p
"LIXIAOAI - Store Manager's Top Recommendation: Li Xiaoei Little Lime Juice 300ml x 6 Bottles, Trendy Beverage -",
Member's Mark - Sam's Club Authentic Nongfu Spring Oriental Leaf Green Citrus Pu'er Compound Tea Beverage 400mLX24 B,Sam's Club offers 24
"Suntory - 【Full Case 6 Btls】Oolong Tea 2L (Japanese Beverage, Parallel Import)BBD026/11/30",2L x6
Ultra-High Vitamin C Freeze-Dried Cili Fruit 200g | Office Brewing Beverage | Healthy Snack,
Member's Mark - Sam's Club Authentic Barley Jasmine Bubble Juice Tea 310mLX15 Can Sam's Supermarket Tea Beverage,Buy Sam's every day
Member's Mark - Sam's Club Authentic Barley Jasmine Bubble Juice Tea 310mLX15 Can Sam's Supermarket Tea Beverage,Sam's Club offers 24
Shipped from Mainland - Sam's Supermarket Proxy Purchase: Itoen Barley Seedling Flavor Beverage 350g*12,350g*12
Member's Mark - Sam's Club Authentic Lemon Juice 300ml X8 Bottled Sam's Purchase Lemon Juice Beverage,Official genuine pro
Member's Mark - Sam's Club Authentic Lemon Juice 300ml X7 Bottled Sam's Purchase Lemon Juice Beverage,Buy Sam's every day
Member's Mark - Sam's Club Authentic Lemon Juice 300ml X7 Bottled Sam's Purchase Lemon Juice Beverage,Official genuine pro
Teisseire - Caramel Sauce｜lused on desserts and beverages｜Made in France,1L
MORIYAMA - MORIYAMA  Tea Shop Taste Royal Milk Tea Beverage 1000g X6 parallel imported,皇家奶茶飲品 大容量 1000gX6支
"SANGARIA - 【Full Case 24 Btls】 Zero Sugar Rich Green Tea 500ml (Japanese Beverage, Parallel Import)BD2027/02/28",500ml x24
"SANGARIA - 【Full Case 24 Btls】 Zero Sugar Green Tea 500ml (Japanese Beverage, Parallel Import)BBD2027/02/28",500ml x24
Member's Mark - Sam's Club Authentic Thai Imported Coconut Beverage 310mLX24 Can Sam's Supermarket Purchasing Bevera,Official genuine pro
Member's Mark - Sam's Club Authentic Heytea Kale Green Melon Compound Fruit and Vegetable Beverage 330mLX12 Bottles,Buy Sam's every day
Member's Mark - Sam's Club Authentic Heytea Kale Green Melon Compound Fruit and Vegetable Beverage 330mLX12 Bottles,Official genuine pro
Member's Mark - Sam's Club Authentic Unified Radiance Nut Milk Plant Protein Beverage 250mL x18 Box,Sam's Club offers 24
Member's Mark - Sam's Supermarket DRINKSBA guava jasmine sparkling juice tea beverage sparkling water beverage juice,正品-山姆直購-24小時發貨-送貨上門
Member's Mark - Sam's Club Authentic Lemon Juice 300ml X9 Bottled Sam's Purchase Lemon Juice Beverage,Official genuine pro
Glico - Glico Beverage Almond Milk Latte Sugar-free 200mIx24 (Parallel Import),杏仁奶拿铁
Member's Mark - Sam's Club Authentic Jiaguoyuan 100% NFC Orange Juice 200mL x 25 Boxes Sam's Purchasing Beverage,Official genuine pro
Member's Mark - Sam's Club Authentic Lemon Juice 300ml X16 Bottled Sam's Purchase Lemon Juice Beverage,Official genuine pro
Member's Mark - Sam's Club Authentic Protein Powder Solid Beverage 800g High Calcium Amino Acid Nutritional Protein,Official genuine pro
SANGARIA - [Japan Made]-Oolong Tea Sugarless Canned - Full Case 340ml,24x340ml
SANKO - Japan Sanko fabo Premium Sugarless Black Coffee Bottle Can – Full Case 275gm / Parallel Imported,24x275g
Lucozade - Full Case - Lucozade Energy Drink-Original Flavour (325ml x 4) x 6,
Suntory - Suntory – Full Case BOSS Coffee Black (250ml ) x 24,
Schweppes - Schweppes - Full Case Soda Water (410ml) x 24,
Vita - Low Sugar Lemon Tea 250ml x 6 x 4 (Random delivery of old and new packings),250ml x 6 x 4
OATLY! - OAT DRINK BARISTA EDITION x 4,1L x 4
Fontana - [Full Case] 100% Pineapple Juice - 1L x 12,1L  x 12
KIRIN - RichGreenTea x 6,
marusan - Pure Organic Soy Milk (loose 6-packs)(Random packaging delivery),
AVALANCHE - (BBD:01/09/2027) 99% SF Mochaccino Instant Coffee Mix 16g x 10 (2747),
Schweppes - [Full case] Sparkling Water Lime Flavoured (410ml X 24),410ml x 24
COOL Water - [Full case] Cool Water  (1.5L x 12) Packing randomly dispatched,1.5L x 12
可口可樂 - Full case - Coca cola regular (330ml X 8) X 3,330ml (8P X 3)
Vita - Low Sugar Chrysanthemum Tea 250ml x 6 x 4,250ML x 6 x 4
Calci-Plus - Soya Hi-Calcium Healthy Drink - Original Flavour (Random delivery of old and new packings),250ml x 6 x 4
Vitasoy - Vitasoy Low Sugar Soya Bean Milk 250ml x 6 x 4 Packs (Packing Randomly Delivery),250ml x 6 x 4
Calci-Plus - Vitasoy Calci-Plus Hi-Calcium Oat Soya Milk 250ml x 6 x 4 Packs (Random delivery of packings),250ml x 6 x 4
Vitasoy - Vitasoy Soya Bean Milk 250ml x 6 x 4 Packs (Packing Randomly Delivery),250ml x 6 x 4
Vita - Chrysanthemum Tea 250ml x 6 x 4,250ml x 6 x 4
Calci-Plus - Vitasoy Calci-Plus Hi-Calcium Almond Milk 250ml x 6 x 4 Packs (Random delivery of old & new packing),250ml x 6 x 4
marusan - Pure Organic Soy Milk 1L(Random packaging delivery),1L
Vitasoy - Vitasoy Pure Low Sugar Black Soya Bean Extract 250ml x 6 x 4 (Random Packaging),250ml x 6 x 4
Vitasoy - Vitasoy Low Sugar Malted Soya Bean Milk 250ml x 6 x 4 Packs,250ml x 6 x 4
OATLY! - OAT DRINK ENRICHED x 4 #Please shake well before drinking,1L x 4
OATLY! - OAT DRINK BARISTA EDITION(Random packaging delivery),1L
POCARI SWEAT - Baokuangli Water Special [Original Box 24 Bottles] Electrolyte Supplement Drink -24x 500 ml,24x500ml
Vita - Hong Kong Style Milk Tea 250ml x 6 x 4,250ml x 6 x 4
OATLY! - OAT DRINK BARISTA EDITION(Random packaging delivery),1L x 6
Vitasoy - Vitasoy Pure Low Sugar Soya Bean Extract 250ml x 6 x 4 Packs (Random Packaging),250ml x 6 x 4
Vita - Guava Juice 250ml x 6 x 4  (Randomly delivery for new & old packing),250ml x 6 x 4
OATLY! - [Full Case] OAT DRINK BARISTA EDITION 1L X 6pcs,1L x 6
Vitasoy - Vitasoy Malted Soya Bean Milk 250ml x 6 x 4 Packs (Packing Randomly Delivery),250ml x 6 x 4
Vita - Apple Juice 250ml x 6 x 4  (Randomly delivery for new & old packing),250ml x 6 x 4
watsons - Watsons - Full Case Pure Distilled Water (430ml ) x 24,
OATLY! - OAT DRINK BARISTA EDITION x 2(Random packaging delivery),1L x 2
marusan - MARUSAN - Pure Organic Soy Milk (3-pack)(Random packaging delivery),
OATLY! - OAT DRINK CHOCOLATE,1L
Vita - Mango Juice 250ml x 6 x 4  (Randomly delivery for new & old packing),250ml x 6 x 4
watsons - Pure Distilled Water,1.8L x 12
Authentic Tea House - Yinhao Jasmine Green Tea (No Sugar) (Bottle) 1.2L x 12 (Random delivery of old and new packings),1.2L x 12
ChocZero - Sugar Free Vegan Dark Chocolate Almond 【藍袋】 Bark with Sea Salt andom packing,170g (15mini packs)
Vita - Blackcurrant Juice 250ml x 6 x 4  (Randomly delivery for new & old packing),250ml x 6 x 4
Highland Spring - [Direct from UK] [FULL CASE] Still Water 1.5L x 6 x2,1.5L x 6 x2
Vita - Ceylon Lemon Tea 250ml x 6 x 4 (Random Packaging),250ML x 6 x 4
Lotte - Milkis Original (PET),500ml x 6
Asahi - PLUS Calpis Sleep & Intestinal Care Yogurt drink 200ml x 24 (Full Case),200ml x 24 (原箱)
OATLY! - OAT DRINK ENRICHED #Please shake well before drinking,1L
DyDo - [Japan Coffee]-DyDo Barista's Choice Black Coffee Bottled -  Full Case 260g (Random Packing),24x260g
ITO EN - Itoen Green Tea 2L x 6 Japanese 4901085614730  [Full Case]  Expiry 2027/01,2L x 6
Suntory - [Full Case] Suntory Green Tea [japanese] 2L x 6 Random packaging expiry  2026/11,2L x 6
Highland Spring - [Direct from UK] [FULL CASE] Still Water 500ml x 24,500ml x 24
Robiff - [Full Case] Robiff Oolong Tea 900ml x 12,900ml x 12
UCC - Blended Coffee x 30,
ITO EN - [Full Case] Ooicha Dark Green Tea 2L x 6 bottle expiry 2026/09,2L x 6
OATLY! - OAT DRINK ENRICHED x 2 #Please shake well before drinking,1L x 2
Red Bull - Red Bull Energy Drink Sugarfree - Full Case 250ml,24x250ml
marusan - Pure Organic Soy Milk 1L x 2 (Random packaging delivery),1L x 2
CheckCheckCin - [Full Case]Apple Hawthorn Rice Water 250ml x 12,250ml x 12
"可口可樂 - Coca Cola [Japan Green Tea]-Ayataka Chaba-No-Amami Pet Bottle – 6 x 650ml (Expiry Date: 25,Oct,2026)",6 Bottles x 650ml
ITO EN - [Full Case] Itoen Green Tea 600ml x 24 [Random Packing] (192009/003800) expiry 2026/09,600ml x 24
Asahi - [Full Case] Dry Zero Beer 350ml x24 (#030003) (Random delivery)Parallel Import),350ml x24
Highland Spring - [Direct from UK] [FULL CASE] Still Water 500ml x 24 x2,500ml x 24 x2
東鵬 - Eastroc Natural Drinking Water 555ML*24 Bottles Hong Kong Version Original Carton Genuine Product,555ml x 24Bottles
POKKA SAPPORO - [Japan Made] Hokkaido (Sugarless/Caffeine Free) Roasted Corn Tea Bottle - Full Case 525ml,24x525ml
UCC - [New Packing 230g] Gold Special Coffee Bean 230g - Rich Blend (158162/紅豆)(Random Delivery),230g
Suntory - 三得利 伊右衛門 (新) 柚子香 綠茶(樽裝) 6x600毫升,6x600ml
Unleash'd ORGANIC - Organic Aronia Berry Powder/Chokeberry Powder 1LB (453g) USDA Organic Certified,1LB(453g)
【 60 packs X1.5g 】 Chamomile Flower Tea Bag,
VPLUS Lifestyle Shop - #7  Italian Caramelozed Hazelnut Mocha Coffee Beans #2024 IIAC Gold Medal  #D73 (120G BBD: 9 FEB 27),120g
SANLIN - SANLIN 100% 泰國 椰青水Coconut Water - Full Case 1L,6x1L
Kikkoman - Japan Plain Soymilk Unsweetened 1 Litre x 3 #豆漿#香港原裝行貨,Japan No.1 Brand
HAITAI - Bon Bon Grape Juice Drink With Sac 238ml x 12,
Suntory - Green DA.KA.RA Mild Barly Tea Sugarless Caffeine Free [Parallel Import],24x680ml
ITO EN - Golden Oolong Tea 500ml x 6 4901085614372 expiry 2026/10,500ml x 6
G7 COFFEE - Pure Black Coffee (2g❎100)Americano American Coffee[parallel goods],2g x 100packs
KIRIN - [Full Case] Body Free Non-Alcoholic Beer 350ml x24(#092140) (Random delivery)(Parallel,350ml x24
COOL Water - [Full case] Cool Water (750ml x 24) Packing randomly dispatched,750ml X 24
GLAM.D - Digestive Enzyme Powder【Sweet Potato】 (30 packs x 4g) (88099827685000) EXP..2027 (parallel import),4g x 30 pcs
"HealthWorks - American Ginseng, Ephemerantha & Ophiopogonis Root Tea #HerbalTea #Drink (Chilled 0-4℃)",
Suntory - BOSS Luxury Less Sugar Coffee 185g X 30Cans (#235335) (Random Delivery),185g X30
Vitamont - Sicilian Organic Pure Lemon Juice 2 bottles (250ML) | Best Before Date:03/06/2027 (D/M/Y),2 x 250ml
AGF - (24 Sticks)Blendy Stick Cafe Au Lait Unsweetened Sticks coffee▼H2(00300)(Parallel Import),7.8g×24 Sticks
SINGHA - Soda Water x 24 (Box)(New and old packaging will be sent randomly)(Exp:Y/M/D-2027/07+),
Highland Spring - [Direct from UK] [FULL CASE] Still Water 1.5L x 6,1.5L x 6
Vita - Apple Jasmine Green Tea Drink 500ml x 6 (Random Delivery),500ml x 6
HealthWorks - (2 Bottles) TuFuLing Tea for Clearing the Liver and Removing Toxic Substances #Drink (Chilled 0-4℃),
UCC - [Japan Coffee]-Syokunin-No-Coffee (Black) Sugarless Pet Bottle - Full Case,12x900ml
"Uni-President - 統一 - Chai Li Won Sugar-Free Jasmine Tea Bottled - Full Case(Random Packing) (Exp Date: 06,Oct,2026)",24x420ml
Bonaqua - [原箱]飛雪礦物質水770毫升 x24 bonaqua mineralized water 770ml x24 [Full Case],
TW - [Full Case] Rose Jasmine Tea Bag X 12,2.5克 x 10包 x 12盒
AQUA NOBEL - [2 Cases] Swedish Natural Alkaline Spring Water #Tetra Pack (Best Before: 14 Jan 2028) - 38880080A,500ML X 24
UCC - [Full Case] ucc Black coffee Cold Brew 500ml x 24 Random Packing  4901201156731 expiry 2026/12,500ml x 24
Asahi - Asahi [Japan Coffee]-Wonda Koku-No-Fukami Black Coffee Bottled - Full Case 400gm (Random Packing),24x400gm
Bonaqua - Full case - Bonaqua Mineralized Water (770ml ) 24 bottles,770ml X 24 bottles
ITO EN - Japan Strong Flavor Green Tea 2L × 2 4901085609576 expiry 2026/09,2L × 2
Asahi - Asahi [Japan Coffee]-Wonda Koku-No-Fukami Rich Café Au Lait Coffee Bottled - Full Case 370gm,24x370gm
marusan - Mainichi Oishii Roasted Almond Milk Paper Pack – Full Case 1L- Marusan 丸山 Japan Made-Sugar Free,6x1L (1000ml)
Suntory - Suntory  Natural Water 2L x 6(Random Packing),2L x 6支
"KIRIN - Kirin [午後の紅茶]-Gogo-No-Kocha Lemon Tea Pet Bottle - Full Case (Random Packing)(Expiry Date: Nov,2026)",24x500ml
"G7 COFFEE - American instant sugar free black coffee (2 grams, 100 packs) imported in parallel",2g x 100packs
Nongfu Spring - Nongfu Spring Natural Water (Hong Kong Edition) — 5L x 4 Bottles | Sourced from Premium Natural Spri,4×5L
東鵬 - Eastroc Natural Drinking Water 380ML*24 Bottles Hong Kong Version Original Carton Genuine Product,380ml x 24Bottles
POCARI SWEAT - Pocari Sweat Ion Supply Drink Bottled - Full Case 900ml,12x900ml
evian - Evian [Full Case] -  Evian Natural Mineral Water -24x 500 ml,24x500ml
Uni-President - 統一 - Uni Presidet Milk Tea Bottled - Full Case 500ml [110270],15x500ml
UCC - UCC [Japan Coffee]-Black Sugarless Coffee Recap Bottled - Full Case 375gm (Random Packing)[110192B],24x375gm
Tao Ti - Tao Ti Honey Green Tea (Low Sugar) - Full Case 250ml,250ML x 24 Bag
Bonaqua - [Full case] Mineralized Water (770ml X 24),770ml X 24
HeySong - C&C Grape Sparkling Drink (Grape) 330ml x 6 can (此日期前食用: 02/12/2026),
Spiral - m.Bonsoy soymilk /1Lx6  (Best before date: 04-11-2027),
Asahi - Asahi Wonda Kokunohukami Black Coffee Bottle Can 400g x 24pcs [Parallel Import] [Random Packing],
Calci Plus - 原箱 鈣思寶高鈣植物固醇豆奶(淺藍色盒)(24x250ml)#05604 Calci-Plus Hi-Calcium Plant Sterol Soya milk中國或香港產地版本隨機出貨,
Robiff - [Full Case] Robiff Oolong Tea 500ml x 24 bottles 4891379161289,500ml x 24
Suntory - Suntory Japan - Kuro Oolong Tea Bottle 3x1.05L,3x1.05L(1050ml)
Suntory - Suntory [Japan Green Tea]-Iyemon Green Tea Pet Bottle - Full Case 600ml (Random Packing),24x600ml
中原 - Three in One Instant Dissolved White Coffee (17g X 46 packs) Parallel Imported,17g x 46packs
KIRIN - Kirin [Japan Tea]-Nama-Cha Green Tea Bottled - Full Case 2L,6x2L
HealthWorks - TuFuLing Tea for Clearing the Liver and Removing Toxic Substances #HerbalTea #Drink (Chilled 0-4℃),
東鵬 - Eastroc Vitamin Energy Drink 500ML * 24 Bottles per Case Hong Kong Version Original Box,500ml x 24Bottles
Schweppes - Sparkling Water Lime Flavoured (410ml X 6),410ml x 6
10號店飲品 - 朝霧 MT. Fuji Natural Water Contains Vanadium Bottled – Full Case 2L Parallel Imports Japan Water,6x2L
東鵬 - Eastroc Island Coconut Fresh Pressed Coconut Juice Hong Kong Version Original Box 330ml*24 Bottles,330ml x 24Bottles
Asahi - Asahi [Japan Tea] - Lipolysis Puerh Tea & Oolong Tea Pet Bottle - Full Case 2L,6x2L
KIRIN - Lemon Tea  Afternoon Tea 500ml x 6 Random Packaging 4909411084875 Expiry 2026/10,500ml x 6
"HealthWorks - Sea Coconut, Sichuan Fritillary & Apricot Kernel Tea #HerbalTea #Drink (Chilled 0-4℃)",
"Nongfu Spring - Nongfu Spring Oriental Leaf Chrysanthemum Puer Tea (Original Case of 15 x 500ml) | Sugar-Free, 0 Cal",15x500ml
DEVONDALE - Full Cream Devondale Milk Australia - Full Case 1L,10x1L
Nongfu Spring - Nongfu Spring - [Original Box 24 Bottles] Changbaixue Natural Snow Mountain Mineral Water 535ml x 24,24x535ml
中原 - Grinding No. 1 coffee powder -250g # Robusta coffee powder parallel import,250g
Daioni organic - 綠牛牛 Daioni Organic Cows Semi-Skimmed Milk Fat 1.6% - Full Case 1L (Green),12x1L
KIRIN - [Full Case] Afternoon Tea Lemon Tea 500ml x 24 Random Packaging Expiry 2026/12,500ml x 24
星巴克 - House Blend Americano Coffee Capsules [Applicable to NESCAFÉ® Dolce Gusto® Coffee Machine](C),1 box x 12 servings
You C1000 - You C1000 Vitamin Health Drink Lemon(Glass Bottle) - Full Case 140ml,30x140ml
Yumthé - ROOIBOS TEA Naturally malty and treacle taste of healthy African treasure caffeine-free,2.5g X 15
SOC - ONSENSUI99 Healthy SPRING WATER (Mineral Water) 500ml x 24 (Full Case),500ml x 24
UCC - [Japan Coffee]-Black Cold Brew Sugarless Coffee Pet Bottle - Full Case 500ml(Random Packing),24x500ml
KIRIN - KIRIN [Full Case] Rich Green Tea 2L x 6 Random Packing Expiry 2026/11,2L x 6
NESCAFÉ - Full case - Nescafe Can 250ml - full case 24P,250ml x 24
Nongfu Spring - Oriental Leaf Tea [Original Box 12 Bottles] Sugar free Jasmine Tea 900ML x12 (Parallel Import),12x900ML
Suntory - Suntory [Japan Green Tea]-Iyemon Green Tea Pet Bottle - 6 Bottles x 600ml (Random Packing),6 Bottles x 600ml
CR C'ESTBON - Cestbon Chrysanthemum Tea Full Case - (450ml) x 15,
KAGOME - Kagome Japan Made 100% Vegetable Fruit Mix Juice Original Paper Pack - Full Case 200ml - 7921,24x200ml
evian - [Dealer's Goods of HK] [Full Case]膠樽裝France Evian Natural Mineral Water (750ml X 12)packing randomly,750ml x 12
NESCAFÉ - Full case - Korean Café Collection Cold Brew Black Coffee(Can) 370 ml x 20P,370ml x 20
VAN HOUTEN - Kataoka Pure Cocoa Powder 100g Flavour Free No Additives Sugar Free Pure Cocoa Powder Chocolate,
LORINA - Lorina Traditional Lemonade x 12 bottles,330ml x 12
Chang - (Glass Bottle) Chang Soda Water - Full Case 24x325ml,24x325ml
Suntory - Suntory Osmanthus Oolong Tea Bottled - Full Case 500ml,15x500ml
Pepsi - Japan Pepsi Nama [生] Cola Canned - Full Case 340ml/ Suntoryペプシ 生 Parallel Import,24x340ml
TW - [Full Case] Osmanthus Oolong Tea Bag X 12,2.5g x10 Sachetsx 12
Bonaqua - Full case - Bonaqua Mineralized Water ( 500ml) 24 bottles,500ml X 24 bottles
可口可樂 - [Japan Made] I LOHAS Natural Mineral Water – Full Case 2L-[Parallel Import]- コカ・コーラい・ろ・は・す 天然水,6x2L
UCC - UCC Coffee 185ml x 30 [Parallel import],
Suntory - [Japan Tea]-Oolong Tea Pet Bottle - Full Case 2L,6x2L
賓得寶 - [Full Case] Ginger Beer 375ml x 12,12 x 375ml
"Chang - Chang Sparkling Water 24x325ml Glass Bottles - Case (Tray Pack, Chinese Label)Random Packaging",24x325ml
SANGARIA - Japanese Matcha Green Tea 600ml X 24 Bottles(#116444)(BBD:2026.12.31)Random delive,600ml x24
"IRIS OHYAMA - IRIS OHYAMA – Japan MT. Fuji Natural Mineral Water Bottled – Full Case 2L, Parallel Impo",6x2L
AVALANCHE - (BBD:12/05/2027) 99% SF Drinking Chocolate 20g x 10(0063),
HealthWorks - Capillary Wormwood Herb & Abrum Cantonese Plant Tea #LowSugar #HerbalTea #Drink (Chilled 0-4℃),
Awastea - Red Bean Black Rice Jobs Tears Water 12 Pieces/Pack,
evian - [Dealer's Goods of HK] [Full Case] 罐裝 France Sparkling Natural Mineral Water (330ml X 24),330ml x 24
Lucky Me - [Full Case] Litchi Oolong Tea - 250ml x 30,250ml x 30
Remedy Drinks - 【原箱24CAN】 Organic Kombucha [Mango] Passion Sugar Free at least 60days shelf life,250ml x24
Calci Plus - 原箱 鈣思寶高鈣高蛋白質豆奶 原箱 (24 x 250ml) #14088 Calci-Plus Hi-Calcium High Protein Soya Milk#植物奶#中國或香港產地版本隨機出貨,
KAGOME - Kagome Japan Made 100% Vegetables Juice One Per Day Paper Pack - Full Case 200ml - 6147,24x200ml
可口可樂 - Full case - Coca cola No sugar (330ml X 8) X 3,330ml (8P X 3)
Bonaqua - [Full case] Mineralized Water (1.5L X 12),1.5L X 12
ITO EN - [Full Case] Ooicha Dark Green Tea 2L x 6 bottle expiry 2026/09,2L x 6
Lipton - Golden Milk Tea 34 pieces [16.5g x 34] (4892218063412)【Random Pack】,16.5g x 34pieces
星巴克 - Espresso Roast by NESCAFÉ® [Applicable to NESCAFÉ® Dolce Gusto® Coffee Machine](C),1 box x 12 servings
Sanitarium - So Good™ OAT MILK UNSWEETENED ⭐ 1L,1 Litre
KAGOME - Kagome Japan Made 100% Veg Fruit Mix Juice Berry Salad Paper Pack - Full Case 200ml Parallel Import,24x200ml
UCC - UCC  BLACK Coffee (No Sugar) Wholly Brewed 185g x30 ROASTED COFFEE 100％ expiry 2026/07,185g x 30
賓得寶 - [Full Case] Diet Ginger Beer 375ml x 12,12 x 375ml
UCC - Sugar Free Black Coffee 375g x 24 Bottles(#153433) Random Delivery,375g x24
TASTE NIRVANA - 《SET#6PCS》RealCoconut Water 300ml [x6pcs],300ml X 6
POCARI SWEAT - POCARI SWEAT 500ml X 24 (Parallel Import) [full box] Expiry 2027/04,500ml x 24
Tao Ti - Tao Ti Supreme Oolong Tea (No sugar) - Full Case 250ml,250ML x 24 Bag
賓得寶 - [Full Case] Lemon Lime Bitter 375ml x 12,12 x 375ml
Volvic - Volvic Natural Mineral Water France - Full Case 12x1.5L (Random Packing) 新貨，到期日：2027年12月,12x1.5L
POKKA - Premium Milk Coffee 500ml x 24 bottles,
Fontana - [Full Case] 100% Orange Juice - 1L x 12,1L  x 12
Sanitarium - So Good Original Almond Milk 1L  Serve with breakfast cereals/oatmeal/bread,1L
Asahi - Asahi [Japan Coffee]-Wonda Koku-No-Fukami Low Sugar Coffee Bottled - Full Case 370gm,24x370gm
Suntory - Japan Premium Boss Black Coffee Bottled - Full Case 390gm/ Sugarless / Suntory / Parallel,24x390gn
evian - [Dealer's Goods of HK] [Full Case]  膠樽裝 France Evian Natural Mineral Water (330ml X 24),330ml x 24
"Mindful Sparks - 【Full Case 12 Bottles】Prestige Sparkling White Peach Earl Grey Tea 245ml (Low Sugar,Hong Kong Brand)",245ml x12
"HealthWorks - Water Chestnut, Fresh Cogongrass Rhizome & Sugar Cane Tea #HerbalTea #Drink (Chilled 0-4℃)",
Volvic - Volvic Natural Mineral Water France 1.5L x 6  (Random Packing),6x1.5L
可口可樂 - Japanese authentic Green Tea 650ml x 24 (Random Packaging) #FullCase 4902102154826 expiry 2026/08,650ml x 24Bottles
UCC - Low-Caffeine Drip Coffee (8cups/pack)(159381) (Parallel Import)(RandomVersion )EXP: End-APR2027,8cups/pack
Suntory - Green DA.KA.RA Mild Barly Tea Sugarless Caffeine Free l-[Parallel Import],6 Bottles x 680ml
ACQUA PANNA - Acqua Panna (Glass Bottle) Natural Spring Wate - 6 x 250ml (New and old packaging sent randomly),6x250ml
Schweppes - Schweppes - Schweppes Lime Flavoured Sparkling Water (330ml) x 24 - Full Case 330ml,330ml X 24 cans
KAGOME - [4 Flavors(12 Packs)Tasting] 100% Vegetable & Fruit Mix Juice Paper Pack – 12 x 200ml-Japan Juice,12 Packs x 200ml
evian - Evian - French Evian Natural Mineral Water - [Original Box] 24 x 500ml (Plastic Bottles),24x500ml
Fever Tree - Fever Tree Elderflower Tonic Water (Green Bottle) 8 x 150ml - Parallel Import EXP:2026-10-30,8 x 150ml
HealthWorks - 24 Herbs' Tea #No Sugar #HerbalTea #Drink (Chilled 0-4℃),
HeySong - Camellia Green Tea (Sugar Free) 580ml x 24 bottle [食用期: 01/03/2027],
SINGHA - Singha Zero Sugar Strawberry Lemon Soda 330ml x 24(EXP:Y/M/D-2026/12+),
Fontana - [2 packs] 100% Pineapple Juice - 1L x 2,1L x 2
Suntory - Suntory Oolong Tea (No Sugar) Bottled - Full Case 500ml[110236K],15x500ml
Perrier - Perrier (Lemon) Natural Sparkling Mineral Water PET Bottle France - Full Case 500ml,24x500ml
Perrier - Perrier BNP Paribas Lime Flavored Natural Vaporized Mineral Water - Original Case 10x 250mls,10×250ml
Perrier - Perrier (Lime & Ginger) Natural Mineral Water France (Glass Bottle) - Full Case 6x(4x330mL),24x330ml
HealthWorks - Momordica Fruit & Self-Heal Spike Tea #LowSugar #HerbalTea #Drink (Chilled 0-4℃),
NESCAFÉ - Nescafe Full Roast Coffee - Full case (250ml x 6cans) x 4,(250ml x 6cans) x 4
星巴克 - Blonde Expresso Roast Coffee Capsules (3284) [Applicable to NESCAFÉ® Dolce Gusto® Coffee Machine](C),1 box x 12 servings
Vita - Apple Jasmine Green Tea Drink 500ml (Random Delivery),500ml
UCC - [New packing 230g] Gold Special Coffee Bean 230g - Special Blend (#158155/啡豆) (Random Delivery),230g
"HealthWorks - Preserved Jujube, Ussuri Fritillary, Apricot Kernel & Pear Tea #HerbalTea #Drink (Chilled 0-4℃)",
NESCAFÉ - [Japan Coffee] Excella Sugarless Black Coffee Bottle – 4 Bottles x 900ml-Nescafe - Blue,4 Bottles x 900ml
Lotte - [Full Case] Lotte - Trevi Sparkling Water - Lime - 500ml x 20,500ml x 20
ITO EN - [Full Case] Golden Oolong Tea 500ml x 24 4901085614372 expiry 2026/10,500ml x 24
Vita - Vita - Full Case TSZ Apple and Jasmine (250ml x 6 ) x 4,
evian - [Dealer's Goods of HK] [Full Case] 玻璃樽裝 France Evian Natural Mineral Water (330ml X 20) (冇氣),330ml x 20
Nongfu Spring - 農夫山泉 東方樹葉 無糖青柑普洱Nongfu Spring Oriental Leaf Sugar-Free Tea Green Mandarin Puer(樽裝)-原箱12x 900毫升,12x900ml
IRIS OHYAMA - IRIS Japanese Mineral water 2L x 6 4967576493000 #fullcase expiry2026/12,2000ML x 6
KOH COCONUT - (Full Case Sales) 100% Coconut Water 1 Litre X 12 Boxes,
可口可樂 - Japan Georgia Sugarless Black Coffee Bottled - Full Case 400ml/ Coca Cola / Parallel Import,24x400ml
星巴克 - Vanilla Flavoured Coffee by Nespresso® [Applicable to Nespresso® Coffee Machine][C30] [Random pkg],1 box x 10 servings
Awastea - Black Bean Water 12 Pieces/Pack,
Volvic - Volvic French Natural Mineral Water -6x1.5 liters x2,6x1.5Lx2
"Nongfu Spring - Oriental Leaf Jasmine Tea 500ml×15 - Sugar Free, 0 Cal, Cold Brew Ready (Parallel Import)",15x500ml
BLACK & WHITE - Black & White Full Cream Milk 1L x 12 [Full Box] (4894488009084) expiry 2026/10/01,1L x 12
Fever Tree - Fever Tree Refreshingly Light Tonic Water Mini Can - Full Case 150ml,24x150ml
"San Pellegrino - San Pellegrino sparkling mineral water, plastic bottles (original case),4 x (6 x 500ml)",4×（6×500ml）
Suntory - [Full Case] Suntory Oolong Tea 2L x 6 Bottles 4901777009684 expiry2026/11,2L x 6
KIRIN - Kirin [午後の紅茶]-Gogo-No-Kocha Milk Tea Pet Bottle - Full Case 500ml,24x500ml
IRIS OHYAMA - IRIS Japanese Mineral water 2L x 6 4967576493000 #fullcase expiry 2027/07,2000ML x 6
KIRIN - [Full Case] Afternoon Tea Lemon Tea 500ml x 24 Random Packaging Expiry 2026/12,500ml x 24
TASTAZ - Tastaz Natural Apple Cider Vinegar (with mother ) 20pack*15ml /Rich taste/ Individually packaged,15ml*20stick (300ml)
Nongfu Spring - [24 bottles] Changbaixue Natural Snow Mountain Mineral Water 350ml x 24 (parallel import)（新舊包裝隨機發送）,24x350ml
SAN BENEDETTO - San Benedetto Sparkling Natural Mineral Water Italy【English version】 - Full Case 6x1.5L,6x1.5L
DyDo - [Japan Coffee]-DyDo Barista Choice Low Suger Coffee Bottled - Full Case 260g (Random Packing),24x260g
Vittel - Vittel Natural Mineral Water Original Case (500ml x 24) | Balanced Minerals | Parallel Import,24x500ml
OKIHAM - Okiham  Okinawa 100% Citrus Lemon Juice No added Shikwasa juice  500ml   Parallel imported,
Mindful Sparks - Prestige Sparkling Yuzu Genmaicha 245ml (Full Case 12 Bottles) (Healthy Tea),245ml x 12
UCC - Cold Brew Black Coffee PET 500ml x 24 Bottles (#156738) (Random Delivery),500ml x24
CHI FOREST - CHI FOREST Red bean Barley Drink 500ml x 6 - Parallel Import,6x500 ml
COOL - CoolWater - Cool Purified Water - Full Case (750ml x 24) (Random allocation of old/new version),750ml x  24
SANGARIA - SANGARIA [Japan Green Tea] Your Strong Green Tea Sugarless Bottle – Full Case 500ml,24x500ml
watsons - [Full case] Pure Distilled Water (280ml X 35),280ml X 35
ITO EN - [Full Case] Golden Oolong Tea 500ml x 24 4901085614372 expiry 10/2026,500ml x 24
"Mezzanine Makers - Lemon Iron Buddha Sparkling Tea 330ml (Full Case 24 Cans) (Hong Kong Brand, Made in Hong Kong)",330ml x 24
Pokka  Sapporo - Chelated Lemon Drinks MUKUMI 155ml x 24 (Full Case),155ml x 24
7up - 7 UP FREE LEMON CLEMENTINE 330ML x 24 Cans,330ml x 24 cans
Nature's Superfoods - Organic Freeze Dried Acai Berry Powder 90g (Freeze-Dried)｜VeganGluten-free,
Red Bull - Red Bull Energy Drink Austria - Full Case 250ml Random Packing,24x250ml
CR C'ESTBON - 原箱 怡寶飲用純水 原箱 12x1555ml #85993220 Cestbon Purified Drinking Water #怡寶水 #露營必須水,
evian - Natural Mineral Water( Dealer Goods of Hong Kong) Full Case (500ml) x 24,500ml x 24
MORIYAMA - 【Full Case】Cocoa Paper Pack (1000g) ×6 boxs(4902837200157) Chocolate Milk【parallel import】,1000g×6盒
星巴克 - Latte Macchiato by NESCAFÉ® [Applicable to NESCAFÉ® Dolce Gusto® ](C),1 box x 12 servings
Fever Tree - Fever Tree Premium Indian Tonic Water Mini Can - Full Case 150ml,24x150ml
"Asahi -  Asahi [Japan Tea]-Jurokucha Barly Tea Pet Bottle - Full Case 2L, Parallel Import",6x2Ltr
NESCAFÉ Dolce Gusto - [8712]Grande Intenso Capsule [Applicable to NESCAFÉ® Dolce Gusto® Coffee Machine],1 box x 16 servings
SANGARIA - SANGARIA [Japan Green Tea] Your Matcha Brown Rice Tea Sugarless Bottle – Full Case 500ml,24x500ml
Fever Tree - Fever Tree Light Mediterranean Tonic Water (Blue Bottle) (Original Box)(150mlx8)x3 - Parallel Import,24x 150ml
Sanitarium - So Good Regular Soy Milk 1L,1L
KAGOME - Kagome Japan Made 100% Vegetable Fruit Mix Juice Apple Salad Paper Pack - Full Case 200ml - 0183,24x200ml
ACQUA PANNA - Acqua Panna (Glass Bottle) Natural Spring Water Italy - Full Case 4x(6x250mL)(Random Packing),24x250ml
Perrier - Perrier Paris Natural Gas Mineral Water (Canned) - Original Box 24x 330ml (Gas) Parallel Imported,24x330 ml
Member's Mark - Sam's Club Authentic Classic Italian Blended Coffee Beans 1kg X1 Bag Sam's Supermarket Home Coffee B,1000gX1 bag
Tao Ti - Tao Ti Supreme Jasmine Flavour Green Tea - Full Case (250ml x 6) x 4,
MOUTON CADET - RED WINE 武當 法國波爾多紅酒  MOUTON CADET ROUGE BORDEAUX 750ml #51001757 #年份會因應實際貨存情況而有所不同 #FRANCE#新舊包裝隨機發貨,
evian - [Dealer's Goods of HK] [Full Case] 罐裝 France Sparkling Natural Mineral Water (330ml X 24),330ml x 24
You C1000 - You C1000 Vitamin Lemon Flavored Health Drink (Glass Bottle) -6x140ml Parallel Imported,6x140ml
10號店飲品 - Japan Yoro Sanroku Natural Mineral Water Bottle - Full Case 2L,6x2L
SINGHA - (Glass Bottle) Singha Soda Water - Full Case 325ml (Random Packing),24x325ml
San Pellegrino - (Glass Bottle) Mineral Sparkling Water Italy -Full Case 750ml,12x750ml
evian - Evian [Hong Kong licensed] - French Evian natural mineral water - original box 24x 500ml,24x500ml
UCC - BlendMilkCoffer185ml x 30pcs,
Schweppes - Schweppes Grapefruit-Flavored Soda - 6 x 330ml [Hong Kong Version] (Random Packing),6x330ml
星巴克 - Cappuccino Coffee Capsules [Applicable to NESCAFÉ® Dolce Gusto® Coffee Machine],1 box x 12 servings
POKKA SAPPORO - [Japan Made] Hokkaido (Sugarless/Caffeine Free) Roasted Corn Tea Bottle – 6 Bottles x 525ml,6 Bottles x 525ml
GORNA BANIA - 【原箱】Alkaline Natural Mineral Water pH9.8 from Bulgaria,正貨保證
Nongfu Spring - Nongfu Spring Oriental Leaf Sugar-Free Tea Green Mandarin Puer Bottled - Full Case 500ml,15x500ml
Unleash'd ORGANIC - Organic Raspberry Juice Powder 1LB(453g) Green Superfood Support Nutrient-Dense Supplement,1LB(453g)
Mindful Sparks - Prestige Sparkling White Peach Earl Grey Tea 245ml (Full Case 12 Bottles) (Healthy Tea),245ml x 12
Hang Tak Hong - France Rose 75g 新舊包裝隨機發送,
AGF - Café Latory - Bitter Cafe Latte 9g x 18 sticks (#837164/啡) (Parallel Import),9g x18p
Nongfu Spring - Nongfu Spring [Hong Kong Official Version Paper Case] Natural Water -Full Case 5L x 4,4x5L
MAMA'S WORKSHOP - Chuanbei and Chenpi rock sugar stewed lemon (7 bottles x 310mL),310mL X 7
ACQUA PANNA - Acqua Panna Italian Natural Spring Wate 6x250ml Glass Bottles | Old/New Pack Random,6x250ml
Asahi - Asahi Wonda Kokunohukami Cafe Au Lait Bottler Can 370g x 24pcs [Parallel Import] [Random Packing],
evian - Evian Natural Mineral Water from France -6x1.5 liters in original box (randomly sent in parallel imp,6x1.5L
Nongfu Spring - Oriental Leaf Sugar free Green Citrus Pu'er (Bottled) -6x500ml (Parallel Imported),6x500ml
Volvic - Volvic Natural Mineral Water France - 6 x 500ml (Random Packing),6x500ml
KIRIN - Kirin [Japan Tea]-Nama-Cha Hojisencha Bottled - Full Case 525ml-Green Tea,24x525ml
Nongfu Spring - Nongfu Spring Natural Mineral Water (HK Version) 12x1.5L｜Natural & Healthy Premium Source,12x1.5L
CR C'ESTBON - C'estbon Purified Drinking Water - Full Case 4.5L X 4,4x4.5L
Suntory - 原箱 茶 日本版Suntory Oolong Tea三得利 烏龍茶 原箱 (6x2L) #FUP2R #新舊包裝隨機發送,
Authentic Tea House - 原箱 淳茶舍銀毫茉莉綠茶飲料(無糖) 原箱(24x250ml)#2939 Yinhao Jasmine Green Tea(No Sugar)#Random for old/new packaging,
CR C'ESTBON - Cestbon Purified Drinking Water - [Full Case]555ml x 24 Bottles,24 x 555mL
Schweppes - Schweppes Sparkling Soda Water 320ml x 6 Cans(Film-Wrapped) | Parallel Import (Random Packaging),6 x 320 ml
Robiff - Robiff Oolong Tea_ Full Case (900ml x 12),900ml x 12
Perrier - Sparkling Natural Mineral Water Bottle (Glass) 330ml x 4,330ml x 4
Nongfu Spring - Nongfu Spring - Natural Water - Full Case 4x5L,4x5L
POCARI SWEAT - Pocari Sweat -Full case 350ml x 24 (Parallel Imported Products),350ml x 24
Vittel - [12PCS] France Vittel Natural Mineral Water 1.5L 7613036249928 #Vittel #MineralWater,1500ml * 12pcs
星巴克 - Veranda Blend™ Americano Coffee Capsules [Applicable to NESCAFÉ® Dolce Gusto® Coffee Machine](C),1 box x 12 servings
可口可樂 - Full case - Coca cola no sugar mini cans (200ml X 6) X 4,(200ml X 6) x 4
ACQUA PANNA - 原箱 行貨 ACQUA PANNA 意大利天然泉水 原箱 (膠樽裝 -12x1L) #15465263 Spring Water #行貨 #新貨,
Boring - Boring Barista Oat Milk  【1支】 Best before 5 March 2026 or 15 Nov 2026,1L
"iF - IF 100% Coconut Water (Bottle) 12x 350ml｜#1 Best Seller, Natural Electrolytes",12x350ml
Vitasoy - Vitasoy - Full Case Malted Soya Bean Milk 250ml (250ml x 6 ) x 4,
Bonaqua - 原箱 飛雪無招紙礦物質水 原箱(24x600ml)太古可口可樂 Bonaqua Label-less Mineralized Water Swire Coca Cola#新舊包裝隨機發貨,
SAN BENEDETTO - San Benedetto Natural Mineral Water Italy - Full Case 1.5L[130023B] (Random Packing),6x1.5L
UCC - UCC [Japan Coffee] Decaffeinated Delicious Instant Coffee Powder 45gm / Parallel Import,45gm
星巴克 - Caramel Macchiato Coffee Capsules [Applicable to NESCAFÉ® Dolce Gusto® Coffee Machine],1 box x 12 servings
POCARI SWEAT - Ion Supply Drink Bottled [Parallel Goods] - Full Case 350ml[110134C],24x350ml
Vita - [Full case] Distilled Water (430ml X 24),430ML x 24
CR C'ESTBON - C'estbon Drinking Pure Water (Hong Kong version) (Original Case) 12 x 1.55 liters,12x1.55ml
可口可樂 - Full case - Coca cola Plus Dietary fiber (330ml X 8) X 3,330ml (8P X 3)
Nongfu Spring - Nongfu Spring Oriental Leaf Sugar free Oolong Tea (HK Version)-Full Case 15x 500ml,15x500ML
Lotte - [Full Case] ICIS Water PH8.0 - 500ml x 20,500ml x 20
星巴克 - Caramel Flavored Coffee [Applicable to Nespresso Coffee Machine] [C30] [Random Packaging],1 box x 10 servings
"OATLY! - Oatly Barista Oat Drink【Made in UK】  - 6x1L (Vegan, Low-Fat, Lactose-Free)（Made in UK）EXP:2027-02",6x1L
San Pellegrino - S.PELLECRINO Glass Bottles - 24 x 505ml Sparkling Natural Mineral Water in Original Box,24x505ml
Fontana - [2 packs] 100% Orange Juice - 1L x 2,1L x 2
Red Bull - Red Bull Energy Drink [4 cans] (4x250ml) parallel imported,4x250 ml
iF - if - Full case Coconut Water with Coconut Pulp (350ml) x 24,
Asahi - Asahi [Japan Coffee]-Wonda Koku-No-Fukami Rich Café Au Lait Coffee Bottled - 6 Bottles x 370gm,6 Bottles x 370gm
Asahi - PLUS Calpis Sleep & Intestinal Care Yogurt drink 200ml x 6,200ml x 6
REMEDY - 【4CAN】Organic Kombucha Wild Berry (At least 60 days shelf life),250ml x4
Shirakami - Shirakami Mountain Mineral Water 2L Bottle x6 (1 Box),
Nongfu Spring - Nongfu Spring Oriental Leaf Sugar-Free Jasmine Tea Bottled- Full Case 15x500ml (Hong Kong version),15x500ml
SANGARIA - SANGARIA [Japan Tea] Your Fragrant Barley Tea Sugarless Bottle – 6 Bottles x 600ml,6 Bottles x 600ml
"San Pellegrino - San Pellegrino Sparkling Aranciata (Orange) (Glass Bottle) - Full Case 200ml(Expiry Date: Jan,27)",24x200ml
星巴克 - Starbucks Single-Origin Guatemala [5565]  [Nespresso® Coffee Machine] [D53],1 box x 10 servings
Ligo - [Full Case] LIGO - Direct From Europe - 100% Natural Pineapple Juice - 1L x 12,1L x 12
POCARI SWEAT - Full case 330mlx 24 cans (Parallel Imported Products),330mlx 24 cans
Suntory - Suntory Japan - Goma Mugicha Tea Bottle – Full Case 1.05L,12x1.05L(1050ml)
加多寶 - JDB Herbal Tea Drink (Canned) - [Original Box of 24 Cans] 24x310ml - Parallel Import,24x310ml
可口可樂 - Coca-Cola plus Sugar-Free Cola Soda - Original Box of 3x(8x330mL) White Cans,8x3x330ml
ViviCosì - Low-Sugar Low-Fat Low-Salt Gluten-Free Almond Milk Plant Drink 1000ml | Added Calcium & Vitamins,1L
NESCAFÉ Dolce Gusto - [B]Americano Rich Aroma Capsule [Applicable to NESCAFÉ® Dolce Gusto® Coffee Machine] [C33],1 box x 16 servings
SOC - ONSENSUI99 Healthy SPRING WATER (Mineral Water) 2L x 6 (Full Case),2L x 6
Vita - Vita - Full Case Lemon Tea Low Sugar (250ml x 6 ) x 4,
"Hokkaido Dairy Products - 原箱 北海道乳業日本霧島山麓牛乳 原箱 (24x200ml)#100018 生乳100% #Best before 28,SEP,2026#新舊包裝隨機發貨",
"NESCAFÉ - Nescafe Gold Instant Coffee Powder Germany, 200gm",200g
Asahi - PLUS Calpis Body Fat Care Yogurt drink 200ml x 24 (Full Case),200ml x 24 (原箱)
【Labe拉蓓】 - Radiant Fiber Enzyme Drink (3 Boxes / 18 Servings)｜88 Enzymes + 4.4g Dietary Fiber,
KIRIN - Body Free Non-Alcoholic Beer 350ml x3(#092133_3) (Ramdon Delivery)(Parallel Imported),350ml x3
Teisseire - Caramel Syrup｜No.1 in France｜Made in France,700ml
CHI FOREST - CHI FOREST # free water # Red bean barley water [original box 15 bottles],15x500ml
Asahi - Asahi WONDA Premium Zero coffee x 30 (Full Case),185g x 30 (原箱)
iF - iF - 100% Natural IF Coconut Water Bottled - Full Case (350ml) x 24,350ml x 24
Tao Ti - Tao Ti -Supreme Oolong Tea - Full Case (250ml x 6) x 4,
可口可樂 - Full case - Coca cola mini cans (200ml X 6) x 4,(200ml X 6) x 4
ITO EN - Relax Jasmine Tea x 24,600ml x 24
San Pellegrino - San Pellegrino (Glass Bottle) Mineral Sparkling Water Italy - Full Case 4x(6x250mL),24x250ml
Highland Spring - [Direct from UK] [FULL CASE] Still Water 1.5L x 6 x4,1.5L x 6 x4
San Pellegrino - San Pellegrino  Italian natural mineral water with gas - 4x(6x500ml) (plastic bottle)Random Packing,24x500ml(4x6x500ml)
NESCAFÉ - Full case - Korean Café Collection Coffee Latte 370ml x 20P,370ml x 20
Vita - 原箱 維他冷泡無糖茶 凍頂烏龍(白+啡色盒)原箱(24 x 250ml)#28714576 Vita Cold Brew No Sugar Dong Ding Oolong Tea#新舊包裝隨機發貨,
Bonaqua - Bonaqua Mineralised Water (1.5L x 6 ) x 2,(1.5L x 6 ) x 2
FU HANG SOY MILK - Taiwan Soy Milk - [No Sugar Added] x 6 pcs,290ml x 6
"ITO EN - itoen Matcha brown rice tea bags: 50 small bags / 1 bag, imported in parallel",50小包/ 1袋
NESCAFÉ Dolce Gusto - (1520)Café Au Lait Capsule [Applicable to NESCAFÉ® Dolce Gusto® Coffee Machine] [C33],1 box x 16 servings
"Fever Tree - Fever Tree Light Elderflower Tonic Water Mini Can 8x150ml (Expiry Date: Oct,2026)",8x150ml
TAYLOR - 4 bottles x Taylor Deep Water  - Original Prune (180ml),
Marutai - Marutai Japan Kumamoto Aso Natural Mineral Water Soft Water Bottle - Full Case 500ml,24x500ml
SAN BENEDETTO - Saint Bitao Italy [Original Box 24 Bottles] Natural Gas Mineral Water -24x 500ml Gas,24x500毫升
Fontana - [2pcs] FONTANA -  Red Guava Juice - 1L,1L x 2
Volvic - Volvic - Full Case (Dealer's Goods of HK) Volvic Natural Mineral Water Sports Cap (750ml) x 12,(750ml) x 12
BLUE DIAMOND - Almond Breeze Unsweetened (Original) 946ml x6 | Buy More Save More,6 x 946ml
ACQUA PANNA - Acqua Panna Natural Spring Water Italy - Full Case 24x500mL(Plastic Bottle) Random Packing,24x500ml
Pokka  Sapporo - Chelated Lemon Drinks MUKUMI 155ml x 6,155ml x 6
REMEDY - 【4CAN】 - Organic Kombucha Lemon Lime Mint #綠盒MINT Sugar Free (at least 60 days shelf life),250ml x4
星巴克 - White Mocha by NESCAFÉ® Coffee Capsule [Applicable to Dolce Gusto® Coffee Machine][C31],1 box x 12 servings
evian - Evian [Original Box 24 Bottles] - Evian Natural Mineral Water from France -24x 500ml (Film-Wrapped),24x500ml
UCC - Blue Mountain Blended Coffee 45g (#136115/藍) (Random Delivery),45g
"Fever Tree - Fever Tree Light Mediterranean Tonic Water Mini Can 8x150ml(Expiry Date: Oct,2026)",8x150ml
Suntory - 【Full Case】Oolong Tea 2L x 6,2L X 6
"Suntory - NATURAL MINERAL WATER 2L X 6 Four water sources (Southern Alps, Odaizan, Aso, and Northern Alps)",
Rabenhorst - RB425-4004192000653 Originally Imported from Germany: Organic Beetroot Juice (Unsweetened) –  750ml,
Ligo - 【3包裝】LIGO - Direct From Europe - 100% Natural Pineapple Juice - 1L x 3,1L x 3
AVALANCHE - (BBD:02/04/2027) 99% SF Chai Turmeric Latte 20g X 10(0544),
Hino Aso - 原箱 日本火の阿蘇天然礦泉水Mineral Water 原箱  (6 x 2L) #300369 #優質軟水，含豐富氧化物矽酸#新舊包裝隨機發貨,
東方樹葉 - Farmer's Spring - Oriental Tree Leaf Chenpi White Tea (Original Box) 15 x 500ml - Parallel Import,15x500ml
Chang - Chang Soda Water [Glass bottle] (6 bottles) 6x325mL# Soda water # Thai soda water # soda water,6x325 ml
Schweppes - Schweppes soda Water - Full case ( 330ml ) x 24,(330ml x 8) x 3
川禾谷 - 20g Yunnan Plateau Freeze Dried Jasmine #Jasmine Tea #JasmineFlower,20g
Sanitarium - So Good™ ALMOND MILK UNSWEETENED ⭐ Best Before:12-10-2026,1L
HUNG FOOK TONG - [6 bottles]  Oatmeal Soy Milk (500ml x 6) 6樽燕麥豆乳BBF:8-1-27 (500ml x 6) (random packing),500ml x 6
Hi-C - 原箱  Hi-C Lemon Tea  陽光檸檬茶 原箱 (24 x 250ml) #08171934,
星巴克 - Starbucks Caffè Verona™ by Nespresso® [4430] [Applicable to Nespresso® CoffeeMachine]D53[RandomPKG],1 box x 10 servings
"Nothing Better Pumpkin juice travel gift box, 2.4L, 1 box【Exp:2028】",
Oronamin C - 原箱 日本版奧樂蜜C飲品 ORONAMIN C 原箱(樽裝-30x120ml)#35029809 #新舊包裝隨機發貨#營養碳酸飲品#免疫力UP#健康UP#雪凍更滋味 #一日一樽奧樂蜜C，疫情下都健康D,
可口可樂 - Full case - Coca Cola No Sugar / Coke Zero Bottled 500ml X 24 bottles,500ml x 24
Asahi - Asahi Wanda Premium Zero coffee Canned - Full Case 185g,30x185ml
Sanitarium - So Good Unsweetened Almond Coconut Milk 1 L,1L
Authentic Tea House - Authentic Tea House - Cloudy Green Tea - Full box (No Sugar) (500ml) x 24,
POKKA SAPPORO - [Japan Coffee] Biz Time Sugarless Richness Black Coffee Bottle Can – 6 Bottles x 390gm,6 Bottles x 390gm
Schweppes - Schweppes (Dry) Ginger Ale 4x(6x320mL) cans | Slightly spicy and warm stomach parallel import,24 x 320 ml
"San Pellegrino - San Pellegrino, Italy San Pellegrino Aerated Natural Mineral Water - 6x 250ml (Glass Bottle)",6×250ml
Vita - 原箱 維他檸檬茶 Vita Lemon Tea  原箱 24x250ml  #28664871#Random for old/new packaging,24 x 250ml
Vittel - Vittel Natural Mineral Water (France) 330ml x 24-Pack | Rich in Calcium & Magnesium-Parallel Import,24×330ml
星巴克 - Pike Place Roast Coffee Capsules  [Applicable to NESCAFÉ® Dolce Gusto® Coffee Machine](C),1 box x 12 servings
星巴克 - Matcha Latte Coffee Capsules [Applicable to Dolce Gusto® Coffee Machine](C),1 box x 12 servings
SANGARIA - SANGARIA [Japan Tea] Your Fragrant Barley Tea Sugarless Bottle – Full Case 600ml,24x600ml
CHI FOREST - Yuanqi Forest [Red Date Goji Berry Water] # Free Water [Original Box 15 Bottles] # Sugar Free Tea,15x500 ml
可口可樂 - Ayataka Green Tea 650ml x 24 authentic green tea (Random Packaging) 4902102154826 expiry 2026/08,650ml x 24Bottles
星巴克 - Starbucks Blonde Espresso Roast [4478] [Applicable to Nespresso® Coffee Machine] [C30] [Random pkg],1 box x 10 servings
COOL Water - 原箱 清涼水純淨水 原箱 4x5L #33101452 / FPP51450 Cool Water Purified Water#Random for old/new packaging,
可口可樂 - Coca-Cola - Full Case No Sugar Vanilla Flavoured (500ml) x 24,
REMEDY - 【4CAN】Organic Kombucha Ginger Lemon #黃盒薑味  No Sugar Freeat least 60 days shelf life,250ml x4
Nongfu Spring - Nongfu Spring - Natural Water - Full Case 4x5L,4x5L
KIRIN - Kirin [午後の紅茶]-Gogo-No-Kocha Lemon Tea Canned - Full Case 185gm(Random Packing),20x185gm
NESCAFÉ - Nescafe - Full Case Café Collection Café Au Lait (270ml ) x 15,
東方樹葉 - Nongfu Spring - Oriental Leaf Sugar-Free Green Tangerine Pu'er Tea,15x500ml
Suntory - 三得利 Tokucha iemon Premium Green Tea 500ml x 6,500ml x 6
Asahi - [Full Case] Dry Zero Beer 350ml x24 (#030003) (Random delivery)(Parallel Import),350ml x24
FIZ - 【FIZ】Low Sugar Sparkling Calamansi Juice Canned - Full Case 330ml (Random Packing),24x330ml
Bonaqua - [Full case] Mineralized Water (500ml X 24),500ml X 24
Suntory - 三得利 Suntory 【原箱15樽】（無糖）茉莉烏龍茶  - 15x500ml毫升,15x500ml
Okinawa specialty 100% green-cut Kumquat juice without Additives 500ml Parallel imported,
Sesame House - Black Sesame Powder 15G*21pcs Made in HK,15G*21
AVALANCHE - (BBD:29/03/2027) Café Style Flat White Instant Coffee Mix 14g x 10(2624),
Nongfu Spring - Nongfu Spring Mount Wuyi Drinking Spring Water (for tea making) - original box 4x4L (carton）,4x4L
LAKANTO - Low GI Instant White Coffee - Naturally sweetened with Monk Fruit 32g x 12,32g x 12
Bonaqua - [Full Case] Label-Less 無招紙 Mineralized Water (600ml X 24),600ml X 24
Perrier - Perrier Natural Mineral Water France (Glass Bottle) - Full Case 12x750ml,12x750ml
Meko - 原箱 Meko Pure Water 美果純水 原箱 (24 x 700ml) #14056562 #剛剛轉新包裝，容量，產地,
The Bridge - Bio Rice Drink Almond 1000ml (Full Carton with 6 pcs),1000ml x6
Ligo - [Full Case] LIGO - Direct From Europe - 100% Natural Tomato Juice - 1L x 12,1L x 12
ITO EN - Itoen [Japan Made Green Tea]-Green Tea Bottle - Full Case 2L,6x2L
iF - IF 100% Natural Young Coconut Water – 350ml x 24 Bottles [Full Case] | Parallel Import,24x350ml
Kikkoman - Japan Plain Soymilk Unsweetened 1 Litre x 1 #豆漿#香港原裝行貨,Japan No.1 Brand
Binggrae - Korean Banana Milk 12pcs,200ml x 12
"Vitasoy - 原箱 維他低糖麥精維他奶 原箱(24x250ml)#28672340 Vitasoy Low Sugar Malted Soyabean Milk#BEST BEFORE 6,MAR,2027",
COOL Water - COOL Water-purified  Water 1.5L x 12 [Full Case] 4891133241356,1.5L x 12
AVALANCHE - (BBD:21/06/2027) Café Style Cappuccino Instant Coffee Mix 16g x 10(2631),
vida - Vitamin C Pink Guava Flavor Low Sugar Sparkling Water 325MLX4 #Soda #No Sugar #Tonic Water #Fitness,
Robiff - Robiff Oolong Tea 500ml x 24 bottles 4891379161289,500ml x 24
Aso no Meisui - 原箱 日本熊本阿蘇銘水 原箱 (6x2L)#3200215 Kumamoto Aso Water 阿蘇のメイスイ #Random for old/new packaging,
HeySong - Hey-Song Guava Juice Drink (Contains 15% Guava Juice) (320ml x 6 cans),
Perrier - Perrier Natural Sparkling Mineral Water Canned France - Full Case 24x330ml,24x330ml
NESCAFÉ - Nescafe Americano Coffee - Full case (250ml x 6 cans) x 4,(250ml x 6cans) x 4
星巴克 - Starbucks Pike Place® Roast by Nespresso® [4492] [Nespresso® Coffee Machine][Packaging random],1 box x 10 servings
Asahi - Asahi [Japan Tea] - Lipolysis Puerh Tea & Oolong Tea Pet Bottle - Full Case 600ml,24x600ml
evian - Evian Evian [8 bottles] Evian Natural Weak Alkaline Mineral Water - 8x1.5L (Parallel Imported ）,8x1.5L
watsons - [Full case] (細支裝) 9.0 Alkaline Water (420ml X 24),420ml X 24
HealthWorks - Hot Pot / BBQ Combo (four bottles of herbal Tea)  #HerbalTea #Drink,
COOL Water - 原箱 清涼水純淨水 Cool Water Purified Water 原箱  (12x1500ml) #FPP51470 #Random for old/new packaging,
Authentic Tea House - Chun Tea House (Digestive Tea) Pu-erh Tea (Sugar-Free) 500ml x 24 Bottles -Hong Kong Edition,24x500ml
MORIYAMA - 【1 box】【Milk Tea】【Blue】Tea Shop Taste Royal Milk Tea 1000g (7560534）【Parallel Imports】,1000g
San Pellegrino - San Pellegrino Sparkling Aranciata Rossa (Blood Orange)(Glass Bottle) - Full Case 200ml,24x200ml
"ITO EN - ITO En Relax Jasmine Tea Tea Bag 30 small bags/bags, hot or cold without spices (parallel import)",
Schweppes - Schweppes (Dry) Ginger Ale - Full Case 4x(6x320mL)(Random Packing),24 x 320 ml
REMEDY - 【4CAN】Organic Kombucha Peach Sugar Free #PEACH at least 60days shelf life,250ml x4
Volvic - Volvic Natural Mineral Water France 1.5L x 6  (Random Packing),6x1.5L
HARVEY FRESH - Harvey Fresh Lactose Free Skim Milk(Fresh Pack) - Full Case 1L (Random Packing),12x1L
COOL Water - COOL Water-purified water 1.5L x 12 [Full Case] (4891133241356),1.5L x 12
"CITIBREW - CityBrew - “Being Soda - Fresh Lemon Honey"" 4-Can Pack x 330ml | Made in Hong Kong",4x330ml
ACQUA PANNA - [24PCS] Natural Mineral Water 500ml 8000815003526 [Parallel Goods] (Plastic) AcquaPanna MineralWater,500ml * 24pcs
可口可樂 - Japan Georgia Low Sugar Coffee Bottled - Full Case 370ml/ Coca Cola / Parallel Import,24x370ml
G7 COFFEE - X2 Strong Aroma 3in1 Coffee 25g x 48[parallel goods],25g x 48packs
TASTAZ - Tastaz Natural Apple Cider Vinegar (with mother vinegar)  20sachets x3 boxes Individually packaged,15ml x 20 x 3 boxes
Asahi - Full case - Mitsuya Tokuno Orange Squash 500ml X 24 Best Before date: 2026/09/30,500ml
NESCAFÉ - [Japan Coffee] Excella Sugarless Black Coffee Bottle – Full Case 900ml-Nescafe - Blue,12x900ml
BLUE DIAMOND - Almond Breeze Unsweetened  (Barista Blend) 946ml x12 | Buy More Save More,12 x 946ml
POKKA SAPPORO - Pokka Sapporo [Japan Coffee] Biz Time Sugarless Richness Black Coffee Bottle Can - Full Case 390gm,24x390gm
KIRIN - [Full Case] Afternoon Tea Lemon Tea1.5L x 8 Bottles 4909411086312 expiry 2026/11,1.5L x 8
evian - Evian Natural Mineral Water from France -6x1.5 liters in original box (randomly sent in parallel imp,6x1.5L
evian - [Dealer's Goods of HK][Full Case]膠樽裝 France Evian Natural Mineral Water (500ml X 24)PACKING RANDOMLY,500ml x 24
星巴克 - Absolute Origin COLUMBIA Lungo Coffee Capsule2607 [ NESCAFÉ® Dolce Gusto® ] [C31] EXP:30.11.26,1 box x 12 servings
OATLY! - Oatly Coffee Oat Drink -1 liter (Parallel import from the UK),1L
Vitasoy - Vitasoy - Low Sugar Malted Soya Bean Milk 250ml (250ml x 6 ) x 4,
Fever Tree - Fever Tree Refreshingly Light Tonic Water Mini Can 8x150ml,8x150ml
ITO EN - OI SARASARA Matcha Powder Stick 32pc (green tea) x 2,32pc x 2
Remedy Drinks - 【4CAN】Organic Kombucha Mango Passion #MANGO Sugar Free at least 60 days shelf life,250ml x4
可口可樂 - Coca-Cola plus Sugar-Free Cola Soda - 6 x 330ml White Cans (Hong Kong Licensed),6x330ml
POCARI SWEAT - Pocari Sweat Ion Water - Full case 350ml x 24 (Parallel Imported Products),350ml x 24
OKIHAM - OKIHAM Okinawa 100% Shikwasa Concentrated Juice Drink 500ml Parallel Imported,沖繩100% 香檸柑橘汁 500ml
Pepsi - Pepsi Aquafina Sparkling Water - Full Case 24 x 320 mL Random Packing,24x320ml
Waterloo - Zero Calories  Black Cherry Naturally Sparkling Water | 6 cans | Best Before 17 Mar 2027,355ml x6
ITO EN - Itoen [Japan Made Green Tea]-Green Tea Bottle – 2 Bottles x 2L,2 Bottles x 2L
ACQUA PANNA - Acqua Panna (Glass Bottle) Natural Spring Water Italy - 12x750ml (Random Packing),12x750ml
Volvic - Volvic - Full Case (Dealer's Goods of HK) Natural Mineral Water (500ml) x 24,(500ml) x 24
KAGOME - Kagome Japan Made 100% Vegetable Fruit Mix Juice Mango Salad Paper Pack - Full Case 200ml - 0152,24x200ml
Qoo - [12 boxes]Qoo Peach Juice Drink 200ml x12 packs(Less Sweet)[12盒]Qoo桃汁BBF:24-10-26 (random packing),200ml X12 pcs
CR C'ESTBON - C'estbon  Drinking Pure Water (Hong Kong version) (Original case) 4 x 4.5 liters,4x4.5L
Remedy Drinks - 【原箱24CAN】Organic Kombucha Ginger Lemon  (at least 60 days shelf life),250ml x24
HUNG FOOK TONG - [2 bottles] Silver Chrysanthemum Dew- Low Sugar (1.5L x 2 bottles) 1.5L [2支裝]銀菊露-低糖BBF:21-11-26,1.5L x 2樽
Perrier - Perrier France Paris Water - Sparkling Original Natural Mineral Water (Canned) - 6x330ml,6x330ml
CYPRINA - [Full Case] Direct From Europe - 100% Natural Orange Juice -12x1L,1L  x 12
Volvic - Volvic Natural Mineral Water France - Full Case 24 x 500ml (Random Packing),24x500ml
Suntory - 三得利 伊右衛門 (新) 柚子香 綠茶(樽裝) - 原箱 600毫升,24x600ml
Volvic - Volvic Natural Mineral Water France - Full Case 12x1.5L (Random Packing),12x1.5L
watsons - Watsons Alkalinewater Full Case (1.2L) x 12,
CHI FOREST - Chi Forest - Free Water [Red Bean Coix Seed Water] Original Box 15x500ml,15x500 ml
可口可樂 - Full case - Coca-Cola - Coca Cola Plus Bottled 500ml X 24 bottles,500ml x 24
Mindful Sparks - 【Full Case 12 Btls】Sugar-Free Osmanthus Golden Oolong Cold Brew Sparkling Tea 245ml (Healthy Tea),245ml x 12
Perrier - Perrier (Lemon) Natural Sparkling Mineral Water Canned France - Full Case 3x(10x250ml),30x250ml
"LDC - [Japanese Tea] LDC Hojicha No Sugar (Bottle) – 6 Bottles x 500ml, Parallel Import",6 Bottles x 500ml
UCC - [Full Case] ucc Black coffee Cold Brew 500ml x 24 Random Packing 4901201156731 expiry 2026/12,500ml x 24
Schweppes - Full case - Cream Soda Zero no sugar (330ml X 8) X 3,330ml (8P X 3)
NESCAFÉ Dolce Gusto - [B]Lungo Capsule (Made in Germany) [Applicable to NESCAFÉ® Dolce Gusto® Coffee Machine] [C33],1 box x 16 servings
Vita - Vita - Full Case Zero Sugar Lemon Tea (500ml) x 24,
Pepsi - PEPSI COLA 330ML x 24 Cans,330ml x 24 cans
Nongfu Spring - Oriental Leaf Jasmine Tea (Unsweetened) (Hong Kong Original Box) 900ml x 12 bottles | Parallel Impor,12x900ml
Asahi - Asahi [Japan Tea]-Jurokucha Blend Tea Pet Bottle - Full Case 2L(Random Packing),6x2L
Ronnefeldt - Pure Camomile 100g,100g(70 cups approx)
evian - [Dealer's Goods of HK] [Full Case] 玻璃樽裝 France (有氣Sparkling) Natural Mineral Water (750ml X 12),750ml x 12
MORIYAMA - 【1 BOX】Cocoa Paper Pack 1000g (4902837200157) Chocolate Milk【parallel import】Random version,1000g
MORIYAMA - Rich Smooth Taste - Cocoa 1000g (200157) (BBD: 2026.10.25) (Parallel Import),1000g
ITO EN - ITO EN - Full case - Green Tea with Roasted Rice Tea (500ml) x 24,
COOL Water - 原箱 清涼水純淨水 原箱 (24x750ml)#33101483 Cool Water Purified Water  #新舊包裝隨機發貨,
UCC - [Full Case] Black Coffee Sugar Free 185g X 30Cans (#233555) (Parallel Import) (Random Delivery),185g x30
Minor Figures - 2 packs x Organic Barista Oat Milk Original (1 Liter),
CR C'ESTBON - C'estbon Purified Drinking Water - Full Case 24 x 350ml,24 x 350ml
"Lakshimi - Premium Honey Black Tea, Direct from Japan, 25 Packets | Te' Miel SUPREMO",
Schweppes - Schweppes Tonic water-Full Case 4x(6x320mL) (Random Packing),24 x 320 ml
SINGHA - (Glass Bottle) Singha Soda Water - Full Case 24x325ml (Random Packing),24x325ml
SINGHA - [Full Case] SINGHA - Soda Water - 325ml x 24 Glass Bottle,325ml x 24
Nestlé - PURE LIFE AIR MINERAL Water -Full case 1500ml x 12 (Parallel Imported Products)  最新批次 日期01/2027,1500ml x 12
KIRIN - Body Free Non-Alcoholic Beer 350ml x3(#092133_3) (Ramdon Delivery)(Parallel Imported),350ml x3
OATSIDE - OATSIDE - Chocolate Flavored Oat Milk (Plant Protein Drink) [Original Box] 6 x 1 Liter #0 Lactose,6X1L
Fernand Engel - 【Alsace Grand Cru】Domaine Fernand Engel Riesling Reserve White Wine 2023| Gift ideas,750 ml
ITO EN - 伊藤園 One Cup of Aojiru Green Vegetable Juice 350g x 24 (Full Case),350g x 24 (原箱)
Yukinomizu - 原箱 日本礦泉水550ML 日本北海道大雪山礦泉水 原箱 (細支裝-24 x 550ml)#C1151001 YUKINOMIZU NATURAL MINERAL WATER#新舊包裝隨機發貨,
"NESCAFÉ - Nescafe Gold Instant Coffee Powder Germany, 3x200gm",3x200g
Vita - 原箱 維他冷泡無糖鐵觀音茶  原箱 24x 250ml #28715702 Vita Cold Brew No Sugar Tie Guan Yin Tea  (新舊包裝隨機發送),
Relax Eat - 【BOX】Allulose Sweetener Packet(30Stick)【BLUE】*Natural Sweetener ⭕Best Before: 10/2027⭕,30mini packs * 3g
LANDPARK - 原箱 行貨LANDPARK 有機活泉水 原箱(原味-12 X 500ML) 適合調配配方奶粉及嬰幼兒食用品 LANDPARK BIO MINERAL WATER (NATURAL),
Nongfu Spring - Nongfu Spring Natural Drinking Water (Suitable for Infants and Young Children) - Original Box 12x1L,12x1 L
Rabenhorst - RB210 - 4004192000912 100% Cranberry Juice 750ml  No Sugar Added-  Imported from Germany,
"evian - Natural Mineral Water 500ml (Full Case 24 Bottles)(Original licensed,From the Alps,Pure,Refreshing)",500ml x24
FU HANG SOY MILK - Taiwan Soy Milk - [Original] x 6 pcs,290ml x 6
Vita - [Full case]  Distilled Water (1500ml X 12),1500ML x 12
Lucky Me - [Full Case] Lucky Me - Pineapple Oolong Tea - 250ml x 30,250ml x 30
東方樹葉 - Nongfu Spring - Oriental Leaf Sugar-Free Jasmine Green Tea (official import),15x500ml
Ribena - Ribena - Full Case Lower in Sugar Blackcurrant Juice Drink (350ml ) x 24,(350ml ) x 24
MAYJUNE - Organic Korean Bitter Gourd Juice 30 pouches (Best Before: 27 Feb 2027),60ml x 30 pouches
Authentic Tea House - Authentic Tea House - Gyokuro Green Tea (No Sugar) - Full box (500ml) x 24,
Vita - 原箱 維他低糖檸檬茶 (黃藍綠色包裝) 原箱 (24 x 250ml) #28703914 Vita Low Sugar Lemon Tea#Random for old/new packaging,
Vita - Vita - Full Case Lemon Tea (250ml x 6 ) x 4,
Pokka  Sapporo - 原箱 日本版SAPPORO樽裝伊達麥茶 Barlry Tea 原箱 24x600ml #WT11 #50827082#新舊包裝隨機發貨,
Fever Tree - Fever Tree Elderflower Tonic Water (Green Bottle) (Original Box) (150mlx8)x3 - Parallel Import,24x 150ml
Nongfu Spring - Nongfu Spring Drinking Natural Water Original Tank 4x4.5L Household Large Bottled Water,4x4.5L
"Bonsoy - 【12Can】Sparkling coconut water Passionfruit熱情果(vegan, at least 2month shelf life random packing",320ml *12
Heineken - Heineken - Heineken Beer King Can - Full Case 500ml X 24 Random packaging,(500ml) x 24
Vita - Vita - Full Case Cold Brew No Sugar Jasmine Tea (500ml) x 24,500ml x 24
REMEDY - 【4CAN】Organic Kombucha Raspberry Lemonade Sugar Free at least 60 days shelf life,250ml x 4
KIRIN - Afternoon Tea Non sugar Milk Tea x 6,500ml x 6
COOL - Cool Water - Purified  Water - Full Case (500ml) x 24 (Random allocation of old/new version),(500ml) x 24
TW - [Full Case] Pu'er Tea Bag X 12,2.5克 x 10包 x 12盒
Perrier - Perrier Lime Natural Sparkling Mineral Water Canned France - Full Case 3x(10x250ml),30x250ML
Suntory - Suntory - Full Case Lemon Flavored Sparkling Drink (Lower in Sugar) (500ml ) x 24,
Authentic Tea House - Authentic Tea House - Puer Tea - Full box (No Sugar) (500ml) x 24,
"MILK - 原箱 保利澳洲全脂純牛奶 Pauls  Pure Full Cream  Milk  (藍色盒) 原箱 (24 x 250ml) #原裝香港行貨 ,信心保證#新舊包裝隨機發貨",
UCC - Sugar Free Black Coffee 375g x 24 Bottles (#153433) (Random Delivery) (Parallel Import),375g x24
iF - IF 100% Natural Young Coconut Water – 350ml x 12 Bottles | Parallel Import,12x350ml
"Tian Di No. 1 - Tian Di No.1 Apple Vinegar Drink (canned) -15x330 milliliters, imported in parallel",15x330ml
【Labe拉蓓】 - Maca Energy Drink (3 Boxes / 30 Sachets) ｜ Black Maca & L-Arginine for Vitality Boost,
Vita - Vita - Full Case Lemon Tea low Sugar (250ml x 6 ) x 4,
LIBOGEN - Libogen Tonic Vitaminizes Drink - 10 bottle x 150ml (Random Packing),10x150ml
Red Bull - [Full Case] Red Bull - (Austria) Lilac Edition Energy Drink - Grapefruit & Blossom - 250ml x 24,250ml x 24cans
Lo Hong Ka - Aloe Vera - Crystal Sugar 350ml (4 bottles),Super Food!
東方樹葉 - Nongfu Spring - Oriental Leaf Tangerine Peel White Tea 6 x 500ml - Parallel Import,6x500ml
San Pellegrino - San Pellegrino Sparkling Limonata (Lemon) (Glass Bottle) - Full Case 200ml,24x200ml
MONSTER - Monster Ultra Energy Drink (White Can) (355ml) - Parallel Import,355ml
CR C'ESTBON - Cr C'estbon Purified Drinking Water - Full Case 12x1.55L,12x1.55L
"Yakushima - Yakushima Jomon Natural Mineral Water (Bottle) – Full Case 2L, Japanese Water, Parallel Import",6x2Ltr
"Binggrae - 【Full Case】Korean Banana Milk 200ml (24 Bags)(Fresh Skim Milk, Korea's No.1 National Brand)",200ml x24
Lo Hong Ka - Aloe Vera - Honey 350ml (4 bottles),Super Food!
Bonaqua - 6支裝  飛雪礦物質水 Bonaqua Mineralised Water  6支裝  (6 x 1.5L) #150557,
Vita - Vita - Full Case Cold Brew No Sugar Cold Brew No Sugar Jasmine Tea ( 860ml) x 12,( 860ml) x 12
東方樹葉 - Oriental Leaves - Sugar-Free Green Mandarin Pu'er (Bottle) - 2x(6x335ml) - Sugar-Free,12x335ml
MORIYAMA - Japan Moriyama Cocoa Drink 1000g x 3 (BBD : 2027.01.27) #ChocolateMilk #CocoaMilk,
NESCAFÉ - Nescafe Rich Coffee 250ml - Full case (6 cans) x 4 Different packaging shipped randomly,250ml (6 cans) x 4
SANGARIA - [Japan Made]-Popping Grape Soda Mini Can – 6 Cans x 250ml Parallel Import,6 Cans x 250ml
Remedy Drinks - SODALY Yuzu Lemon Prebiotic ACV Carbonated water drinks (250ml x 4),250 ml x 4
Vita - 原箱  Jasmine Tea 維他冷泡無糖茶 香片 原箱 (24 x 250ml) #28710691 Vita Cold Brew No Sugar Jasmine Tea#新舊包裝隨機發貨,
Robiff - Robiff Oolong Tea 900ml x 12,900mlx12
COOL Water - COOL Water-purified water 750ml x 24 [Full Case] (4891133241202),750ml x 24
"Bonsoy - 【12Can Lychee 】 Natural sparkling coconut water 原箱荔枝(vegan,no added sugar) at least 2month shelf lif",320ml *12
BLUE DIAMOND - Almond Breeze (Original) 946ml x12 | Buy More Save More,12 x 946ml
Asahi - Asahi WONDA Gold Bito coffee x 30 (Full Case),185g x 30 (原箱)
Suntory - Suntory Oolong Tea Unsweetened (Jasmine) - Full Case 500ml,15x500ml
You C1000 - You C1000 Vitamin Health Drink Orange (Glass Bottle) - 6x140ml (Parallel Import),6x140ml
Kronenbourg - K1664 Kronenbourg Blanc Pale Ale (Jumbo Can) - 12x500ml Parallel Imported,12x 500ml
evian - Evian Natural Mineral Water France 12 x 1.5L (Random Packing),12 x 1.5L
Asahi - Full case - Mitsuya Tokuno Peach Squash 500ml X 24 (parallel imports product）EXP. 2026/01/31,500ml
KIRIN - Fire Coffee Bito Low sugar x 30,185g x 30
"Perrier - Perrier Paris, France  Natural Sparkling mineral water [10 cans] -10 x 250 mL gas",10x250 ml
Fontana - [Full Case] Mango Juice - 1L x 12,1L  x 12
Perrier - [Full Case] Sparkling Natural Mineral Water Bottle (Glass) 330ml x 24,330ml x 24
CHI FOREST - Chi Forest Peach flavored Soda Sparkling Water [15 Bottles in Original Box] - (15x480ml),15x480ml
Nestlé - Activ-Go Malted Milk Value Pack 1300g (1.3KG) Made in Singapore [C35-05],罐裝香港行貨
Vita - Vita - Full Case TSZ Sugarcane and Imperatae (250ml x 6 ) x 4,
AVALANCHE - (BBD:11/04/2027) 99% SF Chai Latte 20g X 10(0520),
可口可樂 - Coca-Cola plus Sugar-Free Cola Soda - 8  x 330ml White Cans (Hong Kong Licensed),8x330 ml
evian - evian- Full Case Natural Mineral Water (sports cap) (750ml) x 12,
SANGARIA - [Japan Made]-Popping Melon Soda Mini Can – 6 Cans x 250ml Parallel Import,6 Cans x 250ml
可口可樂 - Coca-Cola Zero Sugar Carbonated Drink [Hong Kong Licensed] Original Box Cans (3x(8x330mL)),8x3x330ml
Vita - Vita - Full Case Zero Sugar Lemon Tea (330ml ) x 24,
ACQUA PANNA - Acqua Panna 505ml×24 Glass Bottles | #AlkalineWater #Healthy | Parallel Import,24x505ml
Uni-President - Unified Double Extract Duck Shit Flavor Lemon Tea (Bottled) - Original Box 15x500ml,15x500ml
Vita - Vita - Full Case Zero Sugar Sparkling Lemon Tea (310ml x 6 ) x 4,
marusan - Roasted Almond Milk Original Paper Pack - Full Case 200ml / Japan Marusan / Parallel Import #64624,24x200ml
GLAM.D - 【3 boxes】Digestive Enzyme Powder  ( sweet purple potato 蕃薯味)【parallel import】EXP.2027.04,
可口可樂 - [Full Box] I Lohas Natural Mineral Water #3625(2L x 6 Bottles  EXP : 2028.3) 6*4902102113625,2L x 6 Bottles
POCARI SWEAT - Baokuangli Water Special [6 Bottles] Electrolyte Supplement Drink -6x 500 ml Parallel Import,6x500ml
ITO EN - Oi Genmai Green Tea 600ml x 6,600ml x 6
Shikuwasa - Shikuwasa Hand-picked fresh-cut lemon and orange juice / 100% fruit juice 500ml Parallel import,手摘青切香檬柑橘原汁 500ml
CHI FOREST - Alien electrolyte Water [Litchi sea salt flavor] -  15x600ml,15x600 ml
BLUE DIAMOND - Almond Breeze Unsweetened (Original) 946ml x12 | Buy More Save More,12 x 946ml
POCARI SWEAT - Full case - Pocari Sweat (2L) x 6 (Parallel Imported Products),2L x 6
水彩之森 - 原箱 日本水彩之森天然水 原箱 (6 x2L)#61000518 HOKKAIDO KUROMATSUNAI NATURAL MINERAL WATER #水源地:黑松內町#PH值7.9最適合人體飲用,
Shikuwasa 100% Green Cherry Lemon Lime Juice 300ml Parallel Import,100% 青切香檬柑橘汁 300ml
evian - Evian Natural Mineral Water 6x500ml (Random Packaging) [Parallel Import],6x500ml
Nestlé - [Original Box]  Ice Lemon Tea (315ml x24 cans) [原箱罐裝] 冰極檸檬茶(315ml x24罐) BBF:20-11-26,315ml x24
ULTIMA - Broad Spectrum Electrolyte Mix - Lemonade (20 Stickpacks),20 Stickpacks
Volvic - [European Authentic Product] Volvic Natural Mineral Water (Original Box) 12 x 1500 ml,12x1.5L
KIRIN - [Full Case] Afternoon Tea Lemon Tea1.5L x 8 Bottles 4909411086312 expiry 2026/11,
Perrier - [Full Case] Sparkling Natural Mineral Water 25cl x 30cans,250ml x 30 cans
evian - Evian Natural Mineral Water France - Full Case 12x1.5L (Random Packing),12x1.5 L
"Asahi - Asahi [Japan Tea]-Jurokucha Barly Tea Pet Bottle - Full Case 600ml, Parallel Import",24x600ml
"ITO EN - itoen instant Matcha brown Rice tea powder can be imported in parallel in 40g, both hot and cold",即溶抹茶玄米茶粉 40g
AQUAFINA - Pepsi - Aquafina Pure Water Soda Drink (Canned) (Original Box) 24 x 320ml - Parallel Import,24x320ml
BLUE DIAMOND - Almond Breeze Unsweetened Barista Blend 946ml x 6 #vegan #almondmilk,咖啡師杏仁樂
Chang - Thai Elephant Chang Soda Water 0 Fat 0 Calorie Non-Greasy (12 Bottles)-Parallel Imported,12x325ml
Hoga - HOGA,10 sachets
Vita - VitaOat Oat Milk - Full Case 250ml,250ML x 24 Bag
ITO EN - Relax Jasmine Tea x 6,600ml x 6
Perrier - Perrier (Citrus & Cherry ) Natural Mineral Water France (Glass Bottle) - Full Case 6x(4x330mL),24x330ml
TW - [Full Case] All in One Instant Extra Creamy Milk Tea,14gx12 Sachetsx12
"可口可樂 - Coca Cola [Japan Green Tea]-Ayataka Chaba-No-Amami Pet Bottle - Full Case (Expiry Date: 25,Oct,2026)",24x650ml
evian - [Dealer's Goods of HK] [Full Case] 玻璃樽裝 France Evian (有氣Sparkling) Natural Mineral Water (330ml X 20,330ml x 20
ITO EN - Itoen Hokkaido 100% Black Bean Tea Teabag contains no caffeine 7.5g 1 pack (14 sachet) (parallel imp,
Sanitarium - So Good UHT Almond Unsweetened 1 L,1L
HARVEY FRESH - 原箱 澳洲Harvey Fresh Lactose Free SKIM Milk 原箱 12x1L#01719 澳洲哈維無乳糖脫脂牛奶#適合乳糖不耐者#新舊包裝隨機發貨,
Binggrae - Korean Strawberry Milk 12pcs,200ml x 12
Nongfu Spring - Nongfu Spring Natural Drinking Water (Suitable for Infants and Young Children) - Original Box 12x1L,12x1 L
SANGARIA - Blend Black Coffee x 30 (Full Case),185g x 30
watsons - Watsons water Full case (620ml) x 24,
MAMA'S WORKSHOP - Chuanbei stewed lemon with rock sugar (7bottle*310mL/ set),310mL X 7
marusan - Mainichi Oishii Roasted Almond Milk Paper Pack 1L- Marusan 丸山 Japan Made,1L (1000ml)
FIZ - 【FIZ】Low Sugar Sparkling Lychee Juice Canned - Full Case 330ml,24x330ml
Ligo - [3pcs] LIGO - Direct From Europe - 100% Natural Tomato Juice - 1L x 3,1L x 3
"NESCAFÉ - Nestlé Coffee - Gold Unsweetened Cappuccino Instant Coffee, 7 sachets  Best before:November 2026",
Binggrae - Korean Banana Milk Light 6pcs,200ml x 6
NESCAFÉ Dolce Gusto - [B]Chococino Capsule [Applicable to NESCAFÉ®Dolce Gusto® Coffee Machine][C33] EXP:30/09/2026,1 box x 16 servings
Remedy Drinks - Australian Organic KOMBUCHA-Peach 250ml x 4 (BBD  DEC 2026),250ml x 4
Schweppes - Sparkling Water Lime Flavoured (1.25L X 2),1.25L X 2
SANGARIA - SANGARIA [Japan Green Tea] Your Matcha Brown Rice Tea Sugarless Bottle 6x500ml,6 Bottles x 500ml
"東方樹葉 - Nongfu Spring - Oriental Leaf Black Oolong Tea (Hong Kong version, official import) 15x500ml",15x500ml
watsons - Distilled Water 4.5L【Best Before: 01/2028】,4.5L
UCC - [Full Case] Cold Brew Black Coffee PET 500ml x 24 Bottles (#156738) (Random Delivery),500ml x24
SINGHA - Singha Zero Sugar Strawberry Lemon Soda 330ml x 6(EXP:Y/M/D-2026/12+),
Relax Eat - 【BAG】Allulose Sweetener *Natural Sweetener ⭕Bestbefore 03/2027⭕,400g
Red Bull - Red Bull - Red Bull (Gold Can) Vitamin Sports Drink (Original Box) 24x250ml - Parallel Import,24x250ml
可口可樂 - Full case - Coca-Cola - Coca Cola Original Bottled - Full Case 500ml,500ml x 24
Tao Ti - Tao Ti Supreme MetaSlim Tea - Full Case(250ml x 6) x 4,
椰樹牌 - Coconut Tree Brand Coconut Juice (Canned) [Original Box 24 cans] 24x245ml - Parallel Import,24x245ml
"Perrier - perrier Paris, France  Natural Sparkling Mineral Water [10 cans] -10 x 250 mL gas",10x250 ml
watsons - Water with Minerals 430ml【Best Before: 01/2028】,430ml
LAKANTO - Low GI Instant Teh Tarik Milk Tea - Naturally sweetened with monk fruit 35g x 12,35g x 12
Lancang Ancient Chinese Tea - 2020's 0081#Yunnan Puer Tea,357g
"BREMNER'S -  原箱 加拿大BREMNER'S 100%純藍莓汁 原箱(12x100ml) #001211 100% Pure Blueberry Juice (抗氧化, 無添加, 不含防腐劑) #新舊包裝隨機發貨",
Pepsi - PEPSI ZERO SUGAR LIME 330ML x 24 Cans,330ml x 24 cans
名古屋加藤咖啡店❤Japanese Honu Kato coffee❤7 Types Blend Drip Bag Coffee❤14 pcs(7 types of 2 packs each),14 pcs 日本原裝進口
Schweppes - Schweppes Grapefruit-Flavored Soda - 8 x 330ml [Hong Kong Version] (Random Packing),8x330ml
Remedy Drinks - SODALY Guava Prebiotic ACV Carbonated water drinks (250ml x 4),250 ml x 4
Volvic - [12PCS] Natural Mineral Water 1.5L 3057640257858 [Parallel Goods] #Volvic #MineralWater,1500ml * 12pcs
NESTEA - Nestea Lemon Tea - full case (315ml 6 Cans) x 4,(315ml 6 Cans) X 4
Asahi - Asahi [Full Case] Lipolysis Green Tea 2L x 6 4514603308105 expiry 2027/01,2L x 6
Vita - Vita - Full Case Low Sugar Chrysanthemum Tea (250ml x 6) x 4,
Lipton - Taiwan Lipton Original Milk Tea 300ml x 6 packs,
"Binggrae - 【Full Case 24 Bags】Korean Strawberry Milk 200ml (Fresh Skim Milk, Korea's No.1 National Brand)",200ml x24
Vittel - Vittel Natural Mineral Water Original Case (330ml x 24) | Balanced Minerals | Parallel Import,24x330ml
Remedy Drinks - Sodaly Blood Orange 4 X 250ml,250ml x 4
Teisseire - Blackcurrant zero sugar syrup｜No.1 in France｜Made in France,600ml
KIRIN - Afternoon Tea Lemon Tea 1.5L x 2 bottles 4909411086312 expiry 2026/08,1.5L x 2
watsons - 原箱  屈臣氏無招紙蒸餾水 原箱 (24x500ml) #FPP 40600 WATSONS Sleeveless Distilled Water#新舊包裝隨機發貨,
Tao Ti - Tao Ti Honey Green Tea - Full Case (250ml x 6) x 4,
"Mindful Sparks - 【Gift Box Set】NOBLE TRUTH - Cranberry Rose Sparkling Tea 750ml (Caffeine- free, Alcohol-free, Rosé )",750ml & Gift Box
Boring - 【2Pcs】Barista Grade Oat MIlk (1L)【Best Before：03/2027】New Zealand oats and no added sugar,新效期 1瓶1L（2瓶裝）
HealthWorks - 原箱  健康工房山楂蘋果飲料 原箱 (24x 250ml) #720996  HealthWorks Hawthorn Apple Juice Drink,
Gevity - 200g- Natural Grass Fed Beef Bone Broth Body Glue (GO PACK POUCH) Best before Nov 2026,200g
Waterloo - Raspberry Nectarine Sparkling Water | 6 cans | Best Before  15 Jan 2027,355ml x6
椰樹牌 - Coconut brand [6 cans] Coconut Palm Coconut Juice Drink (canned) -6x245ml parallel imported,6x245 ml
iF - if - Full case Aromatic Namhom Coconut Water (350ml) X 24,
"BREMNER'S - 原箱 加拿大BREMNER'S 100%純石榴汁 原箱(12x100ml) #01235 100% Pure Pomegranate Juice  (抗氧化, 無添加, 不含防腐劑)#新舊包裝隨機發貨",
evian - Evian Natural Mineral Water from France - 6x1.5 liters parallel imported Random Packaging,6x1.5 L
KIRIN - Kirin [Japan Green Tea]-Zero Caffeine Nama-Cha Green Tea – 6 Bottles x 430ml / Parallel Import,6x430ml
Sarsae - 原箱 沙示汽水飲品 原箱(罐裝- 24x330ml ) #33392157 Sparkling Sarsae Drink 屈臣氏,
watsons - Distilled Water 430ml【Best Before: 12/2027】,430ml
可口可樂 - Coca-Cola Zero Sugar  [HK Version] 330ml x 6 Cans Carbonated Drink Random Packing,6x330ml
evian - [Dealer's Goods of HK] [Full Case] 玻璃樽裝 France Evian Natural Mineral Water (750ml X 12) (冇氣),750ml x 12
SINGHA - Shengshi [3 Glass Bottles] Comb Water -3 x 325 ml (new and old packaging randomly sent) Parallel imp,3x325 ml
Yumthé - Floral Harmony & Rooibos - Chinese Herbal Tea,2g X 15
watsons - Distilled Water 800ml【Best Before: 01/2028】,800ml
San Pellegrino - San Pellegrino - Italian Lemon Flavored Juice with Soda (Canned) - Original Box 24x330 ml with Gas,24x330 ml
Fever Tree - Fever Tree Tonic Water TONIC WATER (Lightly) (Bottled) 24x200ml (Parallel Import),24 x 200ml
"OATLY! - 原箱 行貨OATLY!開心果味燕麥飲品 原箱 (6x1L) #62213  OATLY! OAT DRINK PISTACHIO #BEST BEFORE13,OCT,2026",
SUPER LIT - Fullcase -  Instant Bulletproof Coffee 10boxes - Slimming Meal Replacement/Keto diet,10boxes(15g*10packs)
ITO EN - Japan ITO EN Tully's Barista's Sugarless Café Latte Bottled - Full Case 370ml/ Parallel Import,24x370ml
"MAMA'S WORKSHOP - Chuanbei, Chenpi and rock sugar stewed lemon (310mL per bottle)",310mL
椰樹牌 - 椰樹牌 Coconut Palm Coconut Juice Drink Canned - Full Case 24x 245ml,24x245毫升
CHI FOREST - Chi Forest - Free Water [Red Date Goji Berry Water] Original Box 15x500ml,15x500 ml
NESTEA - Nestea Ice Rush Lemon Tea - full case  (250ml X 6 ) x 4,(250ml X 6) x 4
Asahi - Healthy Style Non-Alcoholic Beer 350ml x3 (#067023),350ml x3
Nongfu Spring - Nongfu Spring Changbai Mountain Natural  Mineral Water (Sports Cap) (Original Box) 24 x 535ml,24x535ml
Sarsae - Soft Drink (330ml x 8),330ml X 8
Perrier - Perrier Lemon Flavored Natural Aerated Mineral Water (Can) - Original Case 10x 250 ML Parallel Impor,10x250ml
Nestlé - PURE LIFE AIR MINERAL Water - Full case 600ml x 24 (Parallel Imported Products),600ml x 24
Vitasoy - Vitasoy - Full Case Calci-Plus Hi-Calcium Original Soya Milk (250ml x 6) x 4,
Acqua Ale Water Mineral Water (plastic packaging) original box 24x520ml - parallel import,24x520 ml
Asahi - 原箱 日本版ASAHI朝日Wonda微甜咖啡 原箱 30x185ml #3360912 Mild Sweet Coffee #新舊包裝隨機發貨#Random for old/new packaging,
Oronamin C - Olemi C - Sports Energy Drink [Original Box] 24x120ml - Parallel Import,24x120ml
ITO EN - Fat-reducing thick matcha green tea powder Either hot or cold 80g Parallel import,減脂濃抹茶綠茶粉 80g
SINGHA - Shengshi [8 Glass Bottles] Comb Water -8 x 325 ml (new and old packaging randomly sent),8x325 ml
Shirakami - Shirakami Mountain Mineral Water 500ml Bottle x24 (1 Box),
Vita - Vita - Full Case Cold Brew No Sugar Tie Guan Yin Tea (860ml ) x 12,( 860ml) x 12
Suntory - Natural Mineral Water Orange & Mango Mixed Juice Drink Bottled – 6 Bottles  x 600ml-Parallel Import,6 Bottles x 600ml
7up - 原箱 輕怡7up七喜汽水香橙檸檬味 原箱 (24x330ml) #13212020 7up Free Lemon & Clementine Flavour Soft Drink,
Chang - Thai Elephant Chang Soda Water 0 Fat 0 calories Refreshing (6 bottles)-Parallel Imported,6x325ml
Nongfu Spring - Nongfu Spring [New Product] Natural mineral water (sports cap)  Full Case 24 x 535ml Random Packing,24x535ml
HOKKAIDO KUROMATSUNAI - 【Full Case】SUISAINO MORI Water 2L(6Packs) (Packaging May Vary)(EXP:2028.03.30),2L x 6
Authentic Tea House - Authentic Tea House - Yunmo Japanese Green Tea (No Sugar) Hong Kong Official Version -24x500ml,24x500ml
Vitasoy - Vitasoy - Full Case Calci Plus Hi-calcium Oat Soya Drink (250ml x 6) x 4,
Chang - Chang Soda Water [Glass bottle] (12 bottles) 12x325mL# Soda water # Thai soda water # soda water,12x325ml
"HUNG FOOK TONG - [Full case] Low sugar ""candied dates"" Prunella vulgaris (500mlx24) [原箱]""蜜棗""夏枯草BBF:13-12-26",500ml x 24
"BREMNER'S - 100% Pure Cranberry Juice 100ml (2Bags)(No Additives, No Preservatives)",100ml x 2
星巴克 - Chocolate Hazelnut by Nespresso®  [Applicable to Nespresso Coffee Machine][D53]EXP:21.11.2026,1 box x 10 servings
watsons - 原箱 屈臣氏蒸餾水 原箱 12x1250ml (1.25公升) #FPP40660  Watsons Pure Distilled Water #臣之水,
ACQUA PANNA - Acqua Panna Italian Natural Spring Water 12x250ml Glass Bottles | Old/New Pack Random,12x250 ml
星巴克 - [N6843] Breakfast Blend by Nespresso® [Applicable to Nespresso® Coffee Machine] [C30] [Random pkg],1 box x 10 servings
Asahi - PLUS Calpis Amir W Yogurt drink 100ml x 30 (Full Case),100ml x 30
CHI FOREST - Chi Forest Vitamin C Orange Sparkling Water 480ml×15 Bottles | 0 Sugar 0 Fat 0 Calorie,15x480ml
"BREMNER'S - 原箱 加拿大BREMNER'S 100%純蔓越莓汁 原箱(12x100ml) #4001228 100% Pure Cranberry Juice(抗衰老, 增强免疫系统) #新舊包裝隨機發貨",
SANLIN - SANLIN 100% Thai Coconut Water 12x330ml#NoAdd#NotFromConcentrate ReadyToDrink ParallelImport,12x330ml
Whittard - Parallel Import Whittard Hot Chocolate Powder 350g Can (BB Aug 2027),350g/罐
CARMIEN - Rooibos Tea Carmien  Caffeine Free 100g Best Before Date: 28/08/2027,40 bag
You C1000 - You C1000 Vitamin Health Drink Lemon(Glass Bottle) - Full Case 30x140ml,30x140ml
evian - [Dealer's Goods of HK] [Full Case]  膠樽裝 France Evian Natural Mineral Water (1L X 12),1L x 12
Blendy - Instant Soluble Coffee 30Pcs Carefully roasted pressure rich flavor aroma Mixed Vietnam/Laotian bean,
星巴克 - Starbucks Soft Vanilla Latte Espresso Liquid Independent Packaging Instant Coffee # Parallel Import,
Asahi - Asahi [Full Case] Lipolysis Olong Tea 2L x 6 4514603307818 expiry 2026/10,2L x 6
奈雪的茶 - Naixue's Tea Dark Plum Lemon Tea (Low Sugar) (Paper Packaging) 4x(6x250ml)-Parallel Import,24x250ml
Nongfu Spring - Oriental Leaf Sugar Free Jasmine Tea (Bottled) 6x500ml (Parallel Imported),6x500ml
Bonaqua - Mineralized Water (100% Recycled Plastic Bottle) 1.5L PET 12P,1.5 Ltr x 12
CHI FOREST - Chi Forest Grape Delight Flavour Sparkling Water- 480ml,480ml
Tao Ti - Authentic premium - Full Case chrysanthemum oolong tea (250ml x 6) x 4,
VICTORY - Victory Natural Water Pure Forest Bottled - Full Case 2L,6x2L
VPLUS Lifestyle Shop - #28 Italian Cheese Grapefruit Chocolate Espresso Beans #Golden Bean Award Coffee Beans BBD:13 MAY 27,120g
BLUE DIAMOND - Almond Breeze Unsweetened Barista Blend 946ml x 3 #Vegan #almondmilk,咖啡師杏仁樂
SANLIN - Sanlin 100% Thailand Coconut Water SANLIN Coconut Water -   1 liter-Parallel imports,1000ml
Tao Ti - Tao Ti Supreme Osmanthus Green Tea - Full Case (250ml x 6) x 4,
Sanitarium - So Good Regular Soy Milk  at least 3month shelf life,1L
CHI FOREST - Chi Forest Grape Delight Flavour Sparkling Water [15 Bottles in Original Box] - (15x480ml),15x480亳升
"星巴克 - Starbucks Velvet Latte Flavor Coffee Concentrate, Portable Instant Cold Brew Liquid",
"HUNG FOOK TONG - [6 bottles] Low sugar ""candied dates"" Prunella vulgaris(500ml x 6) 6樽 蜜棗""夏枯草BBF:13-12-26",500ml x 6
Vita - [Full case]  Distilled Water (700ml X 24),700ML x 24
Vitamont - Organic Pure Cranberry Juice (500 ML) | Best Before Date:16/05/2027 (D/M/Y),
Suntory - Natural Mineral Water Orange & Mango Mixed Juice Drink Bottled – Full Case 600ml-[Parallel Import],24x600ml
Vita - Vita - Full Case Tsing Sum Zhan Honey Lime Healthy Drink (250ml x 6) x 4,
BLUE DIAMOND - Blue Diamond Almond Breeze Unsweetened (Original) - Full Case 946ml,12x946ml
Authentic Tea House - Full case - Cold Brew Japanese Deep-Steamed Green Tea - Full Case 500ml,500ml x 24
Robiff - Robiff Oolong Tea_Full Case (500ml) x 24,500ml x 24
Lotte - [Full case] korea Trevi Sparkling Water (Lime Flavoured) (500ml X 20),500ml X 20
Binggrae - Korean Strawberry Milk Light 6pcs,200ml x 6
Vitasoy - Vitasoy -Full Case VitaOat Oat Milk (250ml x 6) x 4,
Volvic - [Dealer's Goods of HK] [Full Case]  膠樽裝 France Volvic富維克 Natural Mineral Water (1.5L X 12),1.5L x 12
AVALANCHE - (BBD:30/08/2027) 99% SF Flat White Instant Coffee Mix 14g x 10 (2723),
TAYLOR - 4 bottles x Taylor Deep Water - Green Plum (180ml),
Vitasoy - Vitasoy - No Added Sugar Soya Bean Milk (250ml x 6 ) x 4,
Tao Ti - Tao Ti - Supreme Meta Tea - Full box (No Sugar) (250ml x 6) x 4,
Vitasoy - Vitasoy - Full Case Malted Soybean Milk Bottle (480ml ) x 24,
Rabenhorst - RB009 - 4004192004255 Organic Beetroot Multifruit Juice 750mL No Sugar Added- Imported from Germany,
"Schweppes - Yuquan Schweppes Soda Water - 320ml x 6 cans(tall cans)｜No Sugar, No Calories｜Bubbly Level Imported",6x320ml
Vita - Vita - Full Case YSX Lemon Tea (250ml x 6 ) x 4,
San Pellegrino - San Pellegrino -意大利柠檬味果汁有汽水【6罐装】- 6x330毫升有气（新旧包装随机发送）,6x330 ml
AQUA Pacific - Aqua Pacific - Fiji Natural Deep Mineral Water [Original Box] 12x1.5L (Parallel Import),12x1.5L
Remedy Drinks - Australian Organic KOMBUCHA-Ginger Lemon 250ml x 4   (BBD DEC 2026或之後 or onwards),250ml x4
FRECIOUS Fuji - 原箱 日本版世界文化遺產富士山之銘水 原箱 (24x500ml) #170587/#170485 MOUNTAIN FUJI NATURAL WATER #行貨#新舊包裝隨機發貨,
可口可樂 - [9 Mini Cans Special Offer]-[Japan Made]-Coca Cola Original+Fanta Orange+Fanta Grape (3 Cans Each),9 Cans
Surf - [Japan Made]＊Tohobijin Tea Fragrant Olive 6 Bottles x 500ml - Osmanthus Oolong Tea,6 Bottles x 500ml
Daioni organic - 原箱 (藍色盒)MILK Daioni Organic 綠牛牛有機全脂牛奶 原箱(12 x 1000ml )  Milk Whole 3.5% Fat#新舊包裝隨機發貨,
"San Pellegrino - San Pellegrino [6 Bottles] Italian Natural Mineral Water with Gas - (Glass Bottles) 6x250 ml, import",6x250 ml
San Pellegrino - San Pellegrino (Plastic Bottle) Mineral Sparkling Water Italy - Full Case 12x1L,12x1L
Fever Tree - Fever Tree Indian Tonic Water (Yellow Can) (Original Box) (150mlx8)x3-- Parallel ImportEXP:2026-10-3,24x 150ml
HUNG FOOK TONG - [6 bottles] 6 Lemon Juice With Honey Drink (Low sugar) (500ml x 6 bottles) 爆檸蜜  BBF:6-3-27,500ml x 6樽
AVALANCHE - (BBD:16/02/2027) Café Style Caramel Latte Instant Coffee Mix 16g x 10(2662),
NESTEA - Nestea Honey Pear Tea - full case  (250ml X 6 ) x 4,(250ml X 6) x 4
ITO EN - Health Mineral Barley Tea 2L x 6,2L x 6
東鵬 - Eastroc Vitamin Energy Drink 250ML * 24 Bottles per Case Hong Kong Version Original Box,250ml x 24Bottles
Authentic Tea House - Authentic Tea House - Dahongpao Oolong Tea (No Sugar) Hong Kong Official Version (500ml x 6),6x500ml
MORIYAMA - Japan Moriyama Cocoa Drink 1000g x 1 (BBD : 2027.01.27) #ChocolateMilk #CocoaMilk #1L,
QQ Rice - Low Sugar_Black Soybean Milk_Made in TaiWan_12 bottles,
Sprite - Full case - Lemon and Lime Flavoured Soda (330ml X 8) X 3,330ml (8P X 3)
Fever Tree - Fever Tree Indian Tonic Water (Yellow Can) 8 x 150 ml -- Parallel Import EXP:2026-10-30,8x 150ml
ITO EN - Drink Black vinegar Functional Drink Health No addition to reduce fatigue 200ml X24P parallel import,200ML X 24PCS/件
Asahi - Asahi [Full Case] Lipolysis Green Tea 2L x 6 BBD 2027/01,2L x 6
evian - Natural Mineral Water (Dealer Goods of Hong Kong) Full Case (330ml) x 24,330ml x 24
ITO EN - Health Mineral Black Beans Barley Tea 650ml x 24 (Full Case),650ml x 24
QUEST NUTRITION - Chocolate Protein Shake 325MLX4 Best Before: 20/09/2026,1.3L
Relax Eat - Monk fruit With Allulose Sweetener  ⭕Bestbefore 03/2027⭕,400g
Nongfu Spring - Nongfu Spring - Natural Water - Full Case 4x4.5L,4x4.5L
Waterloo - Strawberry Naturally Sparkling Water | 6 cans | Best Before 17 Jan 2027,355ml x6
KIRIN - Fire Coffee Black coffee x 6,185g x 6
Nestlé - 3 IN 1 ACTIV-GO MILO Malt Drink 27g x 8 [C30],
Vita - Vita - Full Case Low Sugar Lemon Tea (330ml ) x 24,
CHI FOREST - Chi Forest - [Vitamin C Orange Flavor] Soda Bubble Water Original Tank 15x480ml,15x480 ml
Nongfu Spring - Nongfu Spring  Oriental Leaf Tangerine Peel White Tea Full Case  - 500ml x 15 Bottles,15x500ml
NESTEA - Nestea Ice Rush Lemon Tea - full case (480ml x 24P),(480ml PET) 24P
Red Bull - (Glass Bottle) Red Bull Energy Drink - 10 Bottles x 150ml,10 Bottles x 150ml
San Pellegrino - (Glass Bottle) Mineral Sparkling Water Italy -Full Case 【505ml】x 24 (Random Packing),24x505ml
You C1000 - You C1000 Vitamin Health Drink Orange 6x140ml (Parallel Imported)Random Packing,6x140ml
Fontana - [Full Case] Guava Juice - 1L x 12  Best Before: 08/10/2026,1L x 12
Volvic - Volvic Natural Mineral Water France - Full Case 12x1.5L (Random Packing),12x1.5 L
Pepsi - 百事 [日本直送] 超爽百事 [生] 檸檬可樂(樽裝)  Suntory 三得利 [平行進口] 6x600毫升,6x600ml
CHI FOREST - Chi Forest Vitamin C Lemon Sparkling Water 480ml×6 Bottles | 0 Sugar 0 Fat 0 Calorie,6x480ml
Pepsi - Japan Pepsi Nama [生] Cola – 6 Cans x 340ml / Suntoryペプシ 生 Parallel Import,6 Cans x 340ml
Asahi - Asahi [Japan Tea] - Lipolysis Puerh Tea & Oolong Tea Pet Bottle -6 Bottles x 600ml,6 Bottles x 600ml
Suntory - 三得利 Tokucha iemon Premium Green Tea 1000ml x 12 (Full Case)  賞味期限：2026年11月30日,1000ml x 12
Suntory - Suntory Jasmine Oolong Tea (Sugar Free) 15x500ml Random Packaging,15x500ml
Nongfu Spring - Oriental Leaf - Unsweetened Jasmine Tea (Bottled) 6x335ml - Unsweetened Tea - (Parallel Import),6x335ml
Vita - Vita - Full Case Mango Juice (250ml x 6 ) x 4,
POCARI SWEAT - Baokuangli Water Special [8 Bottles] Electrolyte Supplement Drink -8x 500 ml Parallel Import,8x500ml
可口可樂 - Japan Georgia Low Sugar Coffee – 6 Bottles x 370ml/ Coca Cola / Parallel Import,6x370ml
Wakasho - Jelly Peach flavor Chia seed Konjac  (10 packs) parallel import,香桃味奇亞籽蒟蒻175g（10個裝)
NESTEA - 原箱 Lemon Tea 雀巢茶品檸檬茶 原箱  (紙包裝 -24 X 250ml) #08511990  Nestea Lemon Tea,
"OATLY! - 原箱 行貨OATLY!細支裝咖啡師燕麥奶 原箱(18x250ml) #136328 Oat Drink Barista Edition#新舊包裝隨機發貨#BEST BEFORE 16,NOV,2026",
Unleash'd ORGANIC - Organic Tomato Powder 1LB(453g) Green Superfood Support Nutrient-Dense Supplement,1LB(453g)
SANGARIA - SANGARIA [Japan Green Tea] Your Strong Green Tea Sugarless Bottle – 6 Bottles x 500ml,6 Bottles x 500ml
Fontana - [Full Case] Red Guava Juice - 1L x 12,1L  x 12
Perrier - Perrier Paris Natural Mineral Water (Canned) -12x330 ml Gas Parallel Imported,12x330ml
"Fever Tree - Fever Tree Light Elderflower Tonic Water Mini Can - Full Case 150ml (Expiry Date: Oct,2026)",24x150ml
"果子熟了 - Fruit Ripe -Osmanthus Oolong Tea (Bottled) 15x500ml [Original Box] - 0 Sugar, 0 Fat, 0 Carb",15x500ml
KIRIN - Kirin [Japan Green Tea]-Zero Caffeine Nama-Cha Green Tea Bottled - Full Case 430ml / Parallel Import,24x430ml
KIRIN - Fire Coffee Black coffee x 30,185g x 30
Suntory - 三得利 Tokucha iemon Premium Green Tea 1000ml x 2 賞味期限：2026年11月30日,1000ml x 2
vida - Vitamin C Kiwi Flavor Low Sugar Sparkling Water 325MLX4  #Soda #No Sugar #Tonic Water #Fitness,
TAYLOR - 原箱 TAYLOR泰勒 Deep Water Prune 西梅 原箱  (24x180ml) #0543602 딥워터 - 푸룬,
Teisseire - Hazelnut Syrup｜No.1 in France｜Made in France,700ml
可口可樂 - Coca-Cola No Sugar - Full case (2L) x 8,(2L) x 8
"Nongfu Spring - Nongfu Spring Natural Water (Hong Kong version, official import) (Original case) 24 x 380ml",24x380ml
奈雪的茶 - Nayuki Lemon Tea Drink Low Sugar 250ml x 12 - Parallel Import,12x250 ml
Vita - Vita - Full Case Lemon Tea (330ml) x 24,
Sanitarium - 原箱 澳洲Sanitarium So Good Soy Milk 荳奶(原味) 原箱 12x1L #52510223 SO GOOD Soy Milk (Regular),
Schweppes - 原箱 Schweppes Lemonade Soda玉泉有氣檸檬水(藍黃色罐) 原箱(迷你罐-24x200ml)#08893867Old/New packing random distribution,
cocoxim - Organic Pure Coconut Water (330ml) x12,(330ml)x12
SANLIN - SANLIN 100% Thai Coconut Water 1L #NoAdd#NotFromConcentrate ReadyToDrink ParallelImport,1 L
watsons - Watsons soda water - full case (330ml x 4s) x 6p,
Black & White - [Full Case] Full Cream Milk 1L (Expiry Date: 16/11/2026),1L x 12pcs
San Pellegrino - 行貨 意大利San Pellegrino有汽天然礦泉水(膠樽) 原箱 12x1000ml Mineral Sparkling Water新舊包裝隨機發貨,
Quest - QUEST Coffee Flavor High Protein Milkshake 325ML*4 | Low Sugar and Carb | | Non-GMO BBF:  15/12/2026,
Sarsae - [Full case] Soft Drink (330ml x 24),330ml X 24
SANGARIA - Japan Sangaria Original (Sugarless) Black Coffee Bottled - Full Case 260gm/ Parallel Import,24x260gm
D&J - Brown Sugar Ginger Tea x 6 (Bundle offer),(250g/15pcs) x6
Suntory -  Japan Silky Boss Drip Low Sugar Coffee Bottled -6 Bottles x 360gm - Suntory / Parallel Import,6 Bottles x 360gm
CR C'ESTBON - C'estbon Drinking Pure Water (Hong Kong version) (Original case) 24 x 555ml,24x555ml
La Manna - 《SET#3PCS》Organic Rice Milk(Original) 180ml x 3PCS,180ml x3
"LDC - [Japanese Tea] LDC Black Oolong Tea No Sugar (Bottle) – Full Case 500ml, Parallel Import",24x500ml
Asahi - Asahi [Japan Coffee]-Wonda Koku-No-Fukami Low Sugar Coffee Bottled - 6 Bottles x 370gm,6 Bottles x 370gm
Lucozade - Lucozade - Full Case Energy Drink-Orange Flavour (325ml ) x 24,
ITO EN - Health Mineral Barley Tea 650ml x 24,650ml x 24
Sensa Cools - Herbal Lemon Tea_Full Case (350ml) x 24,350ml x 24
Remedy Drinks - SODALY Passionfruit flavor Prebiotic ACV Carbonated water drinks (250ml x 4),250 ml x 4
Vitasoy - Vitasoy - Oat Chocolate Oat Milk (250ml x 6 ) x 4,
marusan - Organic Pure Soy Milk Paper Pack 2x1L- Marusan 丸山 Japan Made Soy Milk,2x1L(1000ml)
Vitasoy - Vitasoy - Full Case Soya Bean Milk 250ml (250ml x 6 ) x 4,
SINGHA - [Full Case] Singha - UME Lemon Soda Water - Zero Sugar / 0 Cal. - 330ml x 24 (綠色),330ml x 24
Vita - Vita - Full Case Cold Brew No Sugar Tea - Jasmine Tea (250ml x6) x 4 (Random Packing),(250ml x 6) x 4
Asahi - Asahi [Full Case] Lipolysis Olong Tea 2L x 6 4514603307818 expiry 2026/10,2L x 6
"Kirkland - 原箱 6盒裝美國Kirkland有機無糖杏仁奶(雲呢拿味) 原箱 6x946ml#3008 Organic UNSWEETENED Almond Drink #EXP: 2,FEB,2027",
Bonaqua - Bonaqua - Mineralized Water - full case Label-less (600ml x 24P),(600ml PET) 24P
Red Bull - Red Bull Energy Drink Golden Can - Original Case 24x250ml 【Parallel Import - Random Packing】,24x250ml
S.Bernardo - San Bernardo Still Natural Mineral Water [Original Case] 12x1L - Parallel Import from Italy,Still 12X1L
[乾] ·⚡e⚡ Sicili Italy Acqua Dell'etna Tomarchio Organic Limona (275ml❎2 綠色 BIO檸檬味) 有機檸檬 有氣果汁,275ml x 2
Pokka  Sapporo - Chelated Lemon Drinks 2700 Citric Acid 155ml x 24 (Full Case),155ml x 24
Fever Tree - Fever Tree Light Mediterranean Tonic Water (Blue Bottle) 8 x 150ml - Parallel Import EXP:2026-10-30,8x 150ml
Asahi - Dry Zero Beer 350ml x3 (#029991_3) (Parallel Import),350ml x3
Heineken - Heineken - Heineken Beer Canned-Full Case (330ml x 6cans) x 4 Random packaging,(330ml x 6cans) x 4
Vittel - Vittel Natural Mineral Water (France) 500ml x 24-Pack | Rich in Calcium & Magnesium-Parallel Import,24×500ml
San Pellegrino - San Pellegrino Sparkling Mineral Water 6x500ml  (plastic bottle) Random Packing,6x500ml
vida - Vitamin C Blackcurrant Flavor Low Sugar Sparkling Water 325MLX4#Soda #No Sugar #Tonic Water #Fitness,
Sant'Anna - 原箱 意大利Sant'Anna天然礦泉水 NATURALE MINERAL WATER 原箱 ( 大支裝 -6x1.5L)#1810001 #Random for old/new packaging,
HUNG FOOK TONG - [Full box 24 bottles] Oatmeal SoyMilk (500mlx24)[原箱24樽] 燕麥豆乳(500ml x 24) BBF:8-1-27,500ml x 24
Awastea - Osmanthus Oolong Tea 20 Pieces/Pack (Nuded Packing) ~,
ITO EN - Japan ITO EN Tully's Barista's Sugarless Café Latte Bottled – 6 Bottles x 370ml/ Parallel Import,6 Bottles x 370ml
SANGARIA - SANGARIA Top Class Tea-Leaf Ginpo100% ( Jasmine Tea ) Bottled 6x500ml,6x500ml
Vitasoy - Vitasoy - Full Case Low Sugar Soya Bean Milk 250ml (250ml x 6 ) x 4,
Volvic - [Dealer's Goods of HK] [Full Case]  France Natural Mineral Water Sports Cap (750mL X 12),750ml x 12
KIRIN - Afternoon Tea Non sugar Milk Tea x 24,500ml x 24
Teisseire - Elderflower Syrup｜No.1 in France｜Made in France,700ml
Vita - Vita - Full Case Guava Juice (250ml x 6 ) x 4,
Wakasho - Gel lemon flavored Chia Seed Konjac juice Jelly healthy snack  (10 packs) parallel import,檸檬味奇亞籽蒟蒻175g（10個裝)
"LDC - [Japanese Tea] LDC Jasmine Tea No Sugar & Caffeine-Free (Bottle) – 6 Bottles x 500ml,Parallel Import",6 Bottles x 500ml
SINGHA - Singha Original Glass Bottle Soda Water - 8x 325mls - Parallel Imported,8×325ml
Pepsi - PEPSI ZERO SUGAR 330ML x 24 Cans,330ml x 24 cans
VOSS - VOSS - Norway Voss Sparkling Natural Mineral Water (Large Glass Bottle) Original Case 12x800ml,12x800 ml
S.Pellegrino - San Pellegrino Italian natural mineral water with gas -6x 500 ml,6x500ml
TW - [Full Case] All in One Instant Sumiyaki Coffee,14gx12 Sachetsx12
Suntory - All-Free Non-Alcoholic Weight Loss Beer 350ml x3 (#331358_3)(Random Delivery),350ml x3
Remedy Drinks - SODALY Yuzu Lemon 250mlx4,250ml x 4
加多寶 - Jia Duo Bao Herbal Tea Canned - Full case 310ml (Random Packing),24x310ml
Suntory - 三得利 Goma Mugicha Tea 1050ml x 12 (Full Case),1050ml x 12
COOL Water - [Full Case] Purified Water (5L X 4),5L X 4
SANGARIA - [Japan Made]-Popping Grape Soda Mini Can - Full Case 250ml Parallel Import,30x250ml
Fever Tree - ELDERFLOWER TONIC WATER 200ml * 24 bottles (Full case),200ml x 24
Fontana - [Full Case] Cranberry Juice - 1L x 12 bottles,1L  x 12
